korpus,deck,unbekannteKarten,totalCards,fastManaCount,landCount,untappedLandPercent,averageCmc,cheapCardRatio,manaByTurn3,cheapestWinComboMana,earliestWinTurn,completeComboCount,winComboCount,distinctWinLines,tutorCount,drawCount,freeInteractionCount,counterspellCount,removalCount,boardwipeCount,rampCount,interactionDensity,gameChangerCount,colorCount,simMedianWinTurn,simWinByTurn3,simWinByTurn4,simWinByTurn5,simWinRate
cEDH,thranduil-the-elvenking,0,100,8,27,100,1.96,0.31,3.5,6,10,9,3,2,13,8,6,9,4,1,26,0.19,20,5,7,0.0305,0.063,0.1085,0.4275
cEDH,the-great-goblin,0,100,15,27,96,1.85,0.3,4.6,8,10,13,1,5,9,5,5,3,9,1,26,0.17,14,5,8,0.001,0.0025,0.0055,0.0375
cEDH,smaug-the-impenetrable,0,100,15,28,96,2.42,0.21,4.6,12,,7,3,10,6,4,5,2,15,4,27,0.22,17,5,8,0.0175,0.038,0.0655,0.372
cEDH,bard-king-of-dale,0,100,8,28,96,2.24,0.25,3.3,,,10,0,0,3,17,7,15,9,1,16,0.31,14,5,,0,0,0,0
cEDH,the-madcap-jester,0,99,12,26,96,1.89,0.29292929292929293,4,4,3,6,4,7,6,7,12,11,7,0,22,0.30303030303030304,20,5,7,0.029,0.0565,0.0955,0.319
cEDH,kinnan-bonder-prodigy,0,100,8,27,100,2.53,0.24,3.2,,,9,0,0,4,10,6,12,8,1,27,0.26,15,5,,0,0,0,0
cEDH,kraum-ludevics-opus-tymna-the-weaver,0,99,12,26,100,1.89,0.32323232323232326,4.2,4,3,7,4,7,7,11,9,11,7,0,23,0.2727272727272727,23,5,7,0.032,0.058,0.094,0.3145
cEDH,thrasios-triton-hero-tymna-the-weaver,0,100,6,27,100,1.99,0.28,3.1,6,,6,2,2,10,11,7,9,9,2,24,0.25,22,5,8,0.009,0.031,0.0605,0.3005
cEDH,rograkh-son-of-rohgahh-silas-renn-seeker-adept,0,100,15,24,96,1.83,0.33,4.3,4,3,6,4,7,5,10,12,12,7,0,24,0.31,20,5,7,0.0285,0.0515,0.077,0.2685
cEDH,sisay-weatherlight-captain,0,99,6,28,100,2.04,0.26262626262626265,3.2,,,7,0,0,9,12,7,10,12,1,31,0.29292929292929293,14,5,,0,0,0,0
cEDH,vivi-ornitier,0,100,10,27,96,1.95,0.37,3.6,4,4,7,2,5,3,19,9,13,12,1,19,0.34,15,5,8,0.007,0.012,0.013,0.043
cEDH,rograkh-son-of-rohgahh-thrasios-triton-hero,0,100,6,29,100,2,0.28,3.2,,,1,0,0,7,8,6,8,8,1,23,0.22,13,5,,0,0,0,0
cEDH,yuriko-the-tigers-shadow,0,100,6,31,97,2.43,0.3,3.4,6,10,3,3,2,6,11,7,9,12,0,7,0.28,12,5,8,0.006,0.0105,0.019,0.177
cEDH,krrik-son-of-yawgmoth,0,100,11,30,100,2.99,0.19,4.4,11,,9,2,10,7,6,3,0,8,1,17,0.11,14,5,9,0,0,0,0.013
cEDH,magda-brazen-outlaw,0,100,7,29,97,2.2,0.27,3.3,,,7,0,0,3,4,5,4,18,1,17,0.27,5,5,,0,0,0,0
cEDH,etali-primal-conqueror,0,100,15,29,97,2.48,0.24,4.6,,,8,0,0,2,6,4,2,11,0,35,0.17,13,5,,0,0,0,0
cEDH,kefka-court-mage,0,100,12,29,100,1.97,0.28,4.4,4,3,6,4,7,6,10,11,11,9,2,21,0.31,23,5,7,0.0325,0.0635,0.092,0.3035
cEDH,glarb-calamitys-augur,0,98,8,27,96,2.13,0.29591836734693877,3.5,6,10,3,3,2,8,10,7,9,9,2,19,0.25510204081632654,20,5,7.5,0.0175,0.037,0.072,0.312
cEDH,urza-lord-high-artificer,0,100,9,30,100,2.03,0.26,3.6,,,7,0,0,5,14,8,14,7,1,14,0.29,11,5,,0,0,0,0
cEDH,tivit-seller-of-secrets,0,100,8,30,100,1.96,0.26,3.6,6,9,7,3,4,7,11,6,12,11,2,20,0.29,20,5,8,0.0195,0.047,0.09,0.511
cEDH,hashaton-scarabs-fist,0,100,9,29,100,2.3,0.29,3.8,6,9,5,3,2,7,15,7,10,7,1,16,0.24,21,5,8,0.0105,0.0215,0.034,0.2285
cEDH,ob-nixilis-captive-kingpin,0,100,15,26,96,1.93,0.24,4.4,6,7,8,3,4,6,5,6,3,13,1,24,0.22,13,5,7,0.074,0.129,0.2045,0.583
cEDH,najeela-the-blade-blossom,0,99,9,28,100,1.89,0.3333333333333333,3.7,4,4,7,7,22,9,8,7,8,7,1,27,0.2222222222222222,22,5,5,0.205,0.383,0.53,0.881
cEDH,thrasios-triton-hero-yoshimaru-ever-faithful,0,100,6,30,100,1.96,0.29,3.3,,,10,0,0,6,11,5,8,7,1,23,0.2,14,5,,0,0,0,0
cEDH,atraxa-grand-unifier,0,97,8,27,100,1.99,0.30927835051546393,3.4,6,10,8,2,2,8,9,6,8,9,2,22,0.23711340206185566,20,5,7,0.0165,0.0335,0.0555,0.291
cEDH,ral-monsoon-mage,0,100,12,22,100,2.05,0.29,3.4,4,5,11,2,5,3,22,15,10,12,0,23,0.37,10,5,8,0.0035,0.0095,0.013,0.041
cEDH,terra-magical-adept,0,99,12,27,100,1.88,0.3333333333333333,4.3,4,3,5,4,7,7,8,8,8,5,1,30,0.21212121212121213,22,5,7,0.0525,0.0795,0.1145,0.344
cEDH,winota-joiner-of-forces,0,100,5,31,100,2.2,0.24,3.3,6,,4,4,9,2,4,4,4,11,0,13,0.19,6,5,9,0.0005,0.0015,0.009,0.103
cEDH,stella-lee-wild-card,0,100,10,27,100,1.7,0.36,3.6,4,4,4,2,5,6,20,10,13,9,1,17,0.32,14,5,7,0.005,0.0115,0.017,0.06
cEDH,lathril-blade-of-the-elves,0,100,5,32,97,2.51,0.21,3.5,,,8,0,0,7,10,1,0,6,0,20,0.07,12,5,,0,0,0,0
cEDH,muldrotha-the-gravetide,0,100,7,32,100,1.85,0.32,3.9,6,8,8,3,2,10,5,5,6,11,3,20,0.22,19,5,7,0.019,0.0485,0.094,0.381
cEDH,sidisi-brood-tyrant,0,99,7,27,96,1.94,0.29292929292929293,3.4,5,7,7,7,2,10,6,7,9,7,2,20,0.23232323232323232,17,5,7,0.0475,0.0875,0.15,0.5055
cEDH,experiment-kraj,0,100,3,35,97,2.12,0.19,3.2,,,19,0,0,2,9,3,11,6,0,19,0.2,5,5,,0,0,0,0
cEDH,tasigur-the-golden-fang,0,100,6,27,100,2.44,0.28,3.1,6,,4,2,2,8,8,8,10,11,3,18,0.29,23,5,8,0.0095,0.0255,0.046,0.2235
cEDH,abomination-of-llanowar,0,100,5,29,79,2.62,0.2,3.1,,,0,0,0,5,8,2,1,16,2,20,0.19,5,5,,0,0,0,0
cEDH,wort-boggart-auntie,0,100,4,29,97,2.32,0.22,3.2,,,2,0,0,8,9,6,4,18,1,16,0.28,6,5,,0,0,0,0
cEDH,pashalik-mons,0,100,8,28,96,2.92,0.14,3.5,,,6,0,0,2,19,5,3,15,6,24,0.23,3,5,,0,0,0,0
cEDH,juri-master-of-the-revue,0,100,10,30,100,2.13,0.23,4.4,6,7,20,8,12,7,6,4,1,11,1,29,0.16,15,5,6,0.056,0.1025,0.1475,0.373
cEDH,mauhur-uruk-hai-captain,0,100,1,38,92,2.58,0.12,3,,,0,0,0,0,8,0,0,15,2,17,0.15,1,5,,0,0,0,0
cEDH,grenzo-dungeon-warden,0,100,12,28,96,2.25,0.23,4.3,7,9,6,1,5,9,1,5,2,9,1,30,0.16,14,5,8,0.002,0.003,0.0045,0.045
cEDH,rivaz-of-the-claw,0,100,11,34,97,2.89,0.16,4.6,9,,9,2,8,7,2,4,1,13,4,27,0.18,10,5,8,0.0065,0.017,0.032,0.2025
cEDH,bladewing-the-risen,0,100,14,26,96,2.47,0.24,4.4,12,,19,11,8,6,4,4,2,10,2,26,0.16,14,5,9,0,0.001,0.0015,0.0325
cEDH,ognis-the-dragons-lash,0,100,9,27,100,2.58,0.19,3.8,5,6,11,6,13,8,5,5,2,10,0,30,0.17,14,5,7,0.0545,0.0915,0.1465,0.4465
cEDH,ziatora-the-incinerator,0,100,5,33,97,3.33,0.13,3.6,15,,6,6,3,3,8,1,0,14,1,21,0.15,8,5,,0,0,0,0
cEDH,korvold-fae-cursed-king,0,100,13,30,100,1.76,0.35,4.7,,,2,0,0,7,4,4,3,9,1,33,0.16,16,5,,0,0,0,0
cEDH,the-council-of-four,0,100,6,32,100,2.4,0.19,3.5,5,7,1,1,3,1,25,6,13,10,3,17,0.29,11,5,7,0.003,0.0075,0.014,0.0375
cEDH,shorikai-genesis-engine,0,100,7,30,97,2.19,0.27,3.4,,,5,0,0,3,11,8,14,13,4,17,0.35,15,5,,0,0,0,0
cEDH,ephara-god-of-the-polis,0,100,6,33,82,2.21,0.2,3.4,5,7,3,1,3,2,10,7,15,13,5,13,0.35,9,5,8,0.002,0.005,0.014,0.0855
cEDH,minn-wily-illusionist,0,100,6,28,100,2.18,0.25,3.2,10,,2,2,8,4,26,7,16,9,1,10,0.32,13,5,9,0,0,0,0.0045
cEDH,mondrak-glory-dominus,0,100,2,29,97,3.27,0.14,2.8,,,0,0,0,2,7,5,1,11,7,9,0.17,6,5,,0,0,0,0
cEDH,jeleva-nephalias-scourge,0,100,10,28,100,2.06,0.28,4,4,3,7,5,7,7,11,10,12,7,2,20,0.29,23,5,7,0.0295,0.063,0.098,0.367
cEDH,evelyn-the-covetous,0,100,10,28,100,1.99,0.28,4,4,3,8,4,7,7,10,9,11,7,1,17,0.27,21,5,7,0.0315,0.054,0.085,0.288
cEDH,don-andres-the-renegade,0,100,9,26,96,2.2,0.24,3.4,4,5,5,4,7,8,10,11,10,6,1,19,0.27,22,5,7.5,0.0245,0.039,0.0645,0.261
cEDH,prosper-tome-bound,0,100,14,28,96,2.08,0.24,4.5,,,6,0,0,9,5,7,3,8,1,26,0.18,17,5,,0,0,0,0
cEDH,tasha-the-witch-queen,0,100,9,32,100,2.24,0.21,4.1,6,8,6,6,2,7,13,8,12,7,3,15,0.27,19,5,7,0.0255,0.057,0.1015,0.3735
cEDH,thrasios-triton-hero,0,100,7,34,100,2.08,0.26,3.7,,,7,0,0,4,9,7,13,8,1,27,0.28,15,5,,0,0,0,0
cEDH,gretchen-titchwillow,0,100,6,34,97,1.89,0.28,3.6,,,15,0,0,6,9,6,11,7,1,25,0.24,14,5,,0,0,0,0
cEDH,selvala-heart-of-the-wilds,0,100,5,29,100,2.76,0.28,3.2,,,19,0,0,5,12,1,0,8,0,20,0.09,8,5,,0,0,0,0
cEDH,kruphix-god-of-horizons,0,100,4,33,100,2.36,0.19,3.4,,,6,0,0,7,17,6,13,4,1,22,0.23,13,5,,0,0,0,0
cEDH,svella-ice-shaper,0,100,1,36,97,3.91,0.05,3.1,,,0,0,0,0,7,6,1,29,5,19,0.36,0,5,,0,0,0,0
cEDH,jodah-the-unifier,0,100,5,32,100,2.46,0.21,3.3,6,,7,4,7,7,12,6,7,8,2,28,0.21,17,5,7,0.0245,0.068,0.1255,0.423
cEDH,captain-sisay,0,100,6,28,96,2.29,0.29,3.1,,,9,0,0,7,6,0,0,11,2,24,0.11,11,5,,0,0,0,0
cEDH,esika-god-of-the-tree,0,98,11,26,100,1.92,0.32653061224489793,3.8,4,4,6,4,7,7,9,8,9,5,1,29,0.22448979591836735,20,5,7,0.027,0.0485,0.0855,0.341
cEDH,kenrith-the-returned-king,0,97,7,27,100,1.89,0.30927835051546393,3.5,4,5,5,4,7,10,8,6,9,8,2,28,0.23711340206185566,24,5,7,0.0375,0.0725,0.1215,0.3995
cEDH,kethis-the-hidden-hand,0,100,10,25,100,1.81,0.3,3.7,,,0,0,0,12,9,0,1,7,1,27,0.08,18,5,,0,0,0,0
cEDH,shanid-sleepers-scourge,0,100,9,29,100,2.1,0.25,3.6,5,7,1,1,3,6,10,4,2,11,1,30,0.17,15,5,7,0.0165,0.035,0.06,0.1815
cEDH,vadrik-astral-archmage,0,100,10,28,100,2.4,0.2,3.5,4,5,7,3,8,5,14,9,8,6,1,29,0.23,12,5,7,0.015,0.0445,0.0755,0.257
cEDH,veyran-voice-of-duality,0,100,11,27,100,2,0.3,3.8,4,4,5,2,5,4,17,10,12,8,2,22,0.3,13,5,7,0.0055,0.009,0.013,0.0505
cEDH,mizzix-of-the-izmagnus,0,100,10,29,97,2.34,0.25,3.8,4,4,11,2,5,5,18,9,12,6,1,26,0.27,16,5,8,0.0045,0.011,0.015,0.0585
cEDH,galazeth-prismari,0,100,10,29,100,2.03,0.26,3.8,4,4,8,2,5,4,13,11,14,6,1,23,0.31,15,5,6,0.009,0.0125,0.0185,0.039
cEDH,ghyrson-starn-kelermorph,0,100,8,30,97,1.9,0.32,3.6,4,4,7,5,8,3,14,8,12,17,6,18,0.37,13,5,8,0.007,0.0085,0.018,0.115
cEDH,zaffai-thunder-conductor,0,100,12,26,96,2.73,0.25,3.7,4,4,9,2,5,5,5,8,11,6,0,26,0.25,13,5,7,0.0085,0.0135,0.022,0.0695
cEDH,satoru-umezawa,0,100,8,31,100,2.74,0.3,3.7,6,9,21,7,9,5,10,9,13,7,3,11,0.29,18,5,8,0.008,0.017,0.032,0.185
cEDH,edric-spymaster-of-trest,0,100,4,29,100,2.27,0.36,3,,,0,0,0,1,10,8,13,6,1,16,0.27,9,5,,0,0,0,0
cEDH,grazilaxx-illithid-scholar,0,100,5,30,100,2.29,0.33,3.2,,,0,0,0,3,13,11,17,11,1,8,0.39,9,5,,0,0,0,0
cEDH,vela-the-night-clad,0,100,1,34,85,3.58,0.03,2.9,,,0,0,0,0,14,3,5,16,2,14,0.24,0,5,,0,0,0,0
cEDH,higure-the-still-wind,0,100,8,32,100,2.4,0.21,3.9,8,,11,10,6,4,15,6,11,7,1,17,0.24,12,5,9,0,0,0.001,0.03
cEDH,kamiz-obscura-oculus,0,100,5,30,100,2.14,0.22,3.3,6,,4,4,4,8,15,8,10,7,2,19,0.25,19,5,8,0.008,0.0215,0.0405,0.3265
cEDH,vilis-broker-of-blood,0,100,12,32,100,2.5,0.22,4.7,11,,9,2,10,6,8,4,1,11,1,23,0.16,15,5,9,0,0,0,0.024
cEDH,yawgmoth-thran-physician,0,100,11,28,100,1.83,0.32,4.2,,,8,0,0,5,3,2,0,8,1,21,0.1,10,5,,0,0,0,0
cEDH,rowan-scion-of-war,0,100,10,30,100,2.84,0.21,4.1,9,,10,1,5,4,9,5,3,16,1,27,0.24,11,5,7,0.0095,0.0235,0.0415,0.154
cEDH,chainer-dementia-master,0,100,10,30,100,2.87,0.2,4.3,12,,4,1,4,7,7,1,0,11,1,20,0.12,12,5,9,0.0005,0.001,0.0015,0.0455
cEDH,erebos-god-of-the-dead,0,100,5,37,97,3.33,0.11,3.6,9,,3,1,2,5,5,2,0,14,3,9,0.16,7,5,9,0.0005,0.0005,0.0015,0.0415
cEDH,razaketh-the-foulblooded,0,100,12,32,97,2.5,0.25,4.6,9,,7,1,5,4,3,1,1,6,0,32,0.08,11,5,8,0.0025,0.006,0.008,0.0305
cEDH,jolene-the-plunder-queen,0,100,8,30,100,2.04,0.35,3.5,5,7,5,5,11,8,8,5,4,11,0,32,0.2,10,5,7,0.0195,0.0615,0.119,0.374
cEDH,etali-primal-storm,0,100,11,33,97,2.81,0.14,4.3,6,7,3,3,14,1,6,5,3,7,3,29,0.15,7,5,7,0.004,0.0135,0.0245,0.0785
cEDH,faldorn-dread-wolf-herald,0,100,6,31,97,2.12,0.24,3.4,,,1,0,0,6,4,6,6,10,1,26,0.22,9,5,,0,0,0,0
cEDH,maelstrom-wanderer,0,100,10,32,100,3,0.21,4.2,,,9,0,0,4,8,6,2,7,1,35,0.15,16,5,,0,0,0,0
cEDH,rashmi-and-ragavan,0,100,9,30,100,2.13,0.28,3.8,4,4,4,2,5,7,10,10,11,5,2,29,0.26,16,5,7,0.0115,0.0155,0.022,0.0735
cEDH,pantlaza-sun-favored,0,100,7,31,100,2.17,0.27,3.6,,,7,0,0,7,8,6,2,9,0,24,0.17,13,5,,0,0,0,0
cEDH,lord-xander-the-collector,0,100,4,34,94,2.33,0.16,3.4,7,,8,7,6,5,7,7,8,4,1,13,0.19,17,5,9,0.003,0.006,0.0175,0.282
cEDH,nicol-bolas-the-ravager,0,100,9,31,97,2.25,0.23,3.9,4,4,6,4,7,7,12,10,10,10,4,18,0.3,26,5,8,0.0225,0.0395,0.0725,0.3065
cEDH,kroxa-titan-of-deaths-hunger,0,100,10,29,97,1.93,0.29,4.2,,,9,0,0,6,7,5,3,10,2,21,0.18,13,5,,0,0,0,0
cEDH,nekusar-the-mindrazer,0,100,9,30,100,2.19,0.23,4.1,4,3,7,4,7,6,19,8,8,5,2,19,0.21,21,5,7,0.0275,0.048,0.07,0.2865
cEDH,tergrid-god-of-fright,0,100,10,31,97,2.49,0.14,4.2,,,1,0,0,5,11,2,0,21,3,16,0.23,15,5,,0,0,0,0
cEDH,rashmi-eternities-crafter,0,100,5,30,97,2.17,0.29,3.2,,,0,0,0,4,16,8,16,10,1,18,0.34,13,5,,0,0,0,0
cEDH,imoti-celebrant-of-bounty,0,100,6,35,97,4.22,0.16,3.7,,,0,0,0,3,15,5,5,6,0,28,0.16,13,5,,0,0,0,0
cEDH,damia-sage-of-stone,0,100,9,32,94,2.01,0.28,4,5,6,6,6,2,8,12,4,8,9,3,26,0.21,23,5,7,0.043,0.087,0.1505,0.4665
cEDH,emry-lurker-of-the-loch,0,100,9,28,100,2.04,0.27,3.6,6,9,18,2,14,4,16,8,13,7,1,14,0.28,15,5,8,0.007,0.0155,0.024,0.1205
cEDH,sai-master-thopterist,0,100,9,30,100,2.17,0.24,3.6,6,9,19,4,8,3,12,8,11,6,1,20,0.25,11,5,8,0.0015,0.002,0.0055,0.0465
cEDH,arcum-dagsson,0,100,7,29,97,2.32,0.27,3.3,,,4,0,0,1,10,6,10,8,1,16,0.24,11,5,,0,0,0,0
cEDH,muzzio-visionary-architect,0,100,6,31,97,2.81,0.16,3.4,6,10,14,1,2,1,8,7,10,3,0,17,0.2,9,5,8,0.002,0.0035,0.0055,0.0255
cEDH,memnarch,0,100,7,32,100,2.44,0.2,3.6,,,15,0,0,4,10,8,12,3,1,22,0.23,12,5,,0,0,0,0
cEDH,marneus-calgar,0,100,10,28,100,2.01,0.27,3.8,6,9,4,2,2,7,12,7,12,12,2,21,0.31,20,5,8,0.0215,0.0385,0.0585,0.2545
cEDH,alela-artful-provocateur,0,100,8,30,100,2.06,0.25,3.6,6,9,5,3,8,7,11,8,12,8,2,17,0.28,22,5,7,0.0095,0.025,0.046,0.2245
cEDH,raffine-scheming-seer,0,100,7,28,96,2,0.27,3.3,6,,3,3,2,8,15,9,12,7,1,15,0.28,19,5,8,0.0085,0.0245,0.0425,0.2615
cEDH,yennett-cryptic-sovereign,0,100,9,29,100,2.54,0.26,3.8,6,9,7,3,7,9,13,7,13,7,2,17,0.27,21,5,7,0.015,0.034,0.059,0.2495
cEDH,sydri-galvanic-genius,0,100,9,31,100,2.2,0.23,3.8,5,6,6,5,11,7,5,5,8,8,2,20,0.21,22,5,8,0.0175,0.045,0.086,0.4735
cEDH,varina-lich-queen,0,100,9,31,97,1.96,0.31,4.1,6,8,10,2,2,6,10,6,9,9,3,21,0.24,15,5,7,0.0195,0.033,0.0535,0.2385
cEDH,the-scarab-god,0,100,6,32,97,2.54,0.21,3.6,6,9,4,2,2,7,9,7,10,8,3,12,0.25,17,5,8,0.007,0.017,0.034,0.2385
cEDH,toluz-clever-conductor,0,100,10,28,96,1.9,0.28,4.1,6,8,2,2,2,6,17,7,11,6,1,20,0.24,23,5,7,0.02,0.037,0.058,0.2355
cEDH,sefris-of-the-hidden-ways,0,100,6,30,97,2.54,0.2,3.4,,,3,0,0,7,13,6,9,8,1,12,0.23,16,5,,0,0,0,0
cEDH,oskar-rubbish-reclaimer,0,100,11,28,96,2.07,0.25,4.2,6,7,2,2,2,7,20,9,13,7,2,16,0.29,20,5,7,0.0185,0.032,0.0625,0.2225
cEDH,florian-voldaren-scion,0,100,14,27,100,1.97,0.3,4.5,16,,4,1,5,8,5,7,3,12,1,25,0.22,17,5,9,0,0,0,0.0135
cEDH,rakdos-lord-of-riots,0,100,9,29,97,3.06,0.2,3.7,,,1,0,0,6,5,4,3,8,1,28,0.15,13,5,,0,0,0,0
cEDH,judith-the-scourge-diva,0,100,10,33,88,2.24,0.22,4.5,7,8,13,5,8,5,6,6,2,13,3,20,0.21,12,5,6,0.0285,0.0525,0.0855,0.224
cEDH,tazri-beacon-of-unity,0,98,6,27,100,2.06,0.2755102040816326,3.2,6,,9,2,2,9,10,6,8,6,0,24,0.20408163265306123,20,5,8,0.013,0.031,0.063,0.296
cEDH,general-tazri,0,100,7,30,100,1.83,0.31,3.7,4,4,7,4,7,9,8,5,7,5,1,22,0.17,22,5,7,0.026,0.0455,0.0815,0.323
cEDH,morophon-the-boundless,0,100,6,32,100,2.4,0.2,3.5,,,3,0,0,6,8,6,5,7,1,22,0.18,20,5,,0,0,0,0
cEDH,aurelia-the-warleader,0,100,6,32,97,2.28,0.2,3.5,7,,5,5,13,6,9,5,3,12,1,17,0.2,11,5,9,0.0015,0.008,0.0205,0.292
cEDH,lovisa-coldeyes,0,100,0,35,100,3.34,0.09,3,,,0,0,0,0,4,0,0,26,4,0,0.26,0,5,,0,0,0,0
cEDH,grand-warlord-radha,0,100,5,29,97,2.42,0.23,3,5,9,5,4,8,6,6,3,3,9,0,21,0.15,9,5,7,0.012,0.043,0.1085,0.4955
cEDH,atraxa-praetors-voice,0,100,5,32,100,2.56,0.19,3.4,,,1,0,0,6,12,3,6,11,4,16,0.2,21,5,,0,0,0,0
cEDH,niv-mizzet-reborn,0,98,5,28,100,2.07,0.2653061224489796,3.2,6,,4,2,2,8,10,5,9,10,2,23,0.24489795918367346,17,5,8,0.007,0.016,0.0325,0.253
cEDH,omnath-locus-of-creation,0,100,6,32,100,2.06,0.25,3.7,4,4,8,2,5,10,10,7,9,6,2,21,0.22,19,5,7,0.015,0.02,0.0265,0.0855
cEDH,baral-chief-of-compliance,0,100,8,32,100,2.06,0.22,3.7,,,2,0,0,6,17,10,28,5,1,11,0.43,13,5,,0,0,0,0
cEDH,kaza-roil-chaser,0,100,6,32,94,2.44,0.18,3.5,4,5,11,2,5,1,12,8,14,4,0,16,0.26,8,5,7,0.0025,0.006,0.0075,0.018
cEDH,yenna-redtooth-regent,0,100,2,32,91,2.16,0.25,3.1,,,4,0,0,3,12,0,0,9,0,19,0.09,9,5,,0,0,0,0
cEDH,tom-bombadil,0,100,3,33,100,3,0.1,3.2,,,0,0,0,4,16,3,3,15,4,24,0.21,9,5,,0,0,0,0
cEDH,anikthea-hand-of-erebos,0,100,6,29,100,2.1,0.28,3.3,,,1,0,0,10,10,1,1,9,1,22,0.11,18,5,,0,0,0,0
cEDH,calix-guided-by-fate,0,100,4,30,100,2.06,0.27,3.1,,,1,0,0,3,16,2,2,11,0,21,0.15,9,5,,0,0,0,0
cEDH,go-shintai-of-lifes-origin,0,100,6,30,100,2.23,0.24,3.3,,,0,0,0,7,9,5,6,8,1,20,0.19,20,5,,0,0,0,0
cEDH,satsuki-the-living-lore,0,100,5,35,94,1.94,0.26,3.4,,,3,0,0,5,8,1,1,5,0,15,0.07,12,5,,0,0,0,0
cEDH,kaalia-of-the-vast,0,100,11,30,100,2.41,0.25,4.4,,,4,0,0,8,7,2,1,5,0,26,0.08,15,5,,0,0,0,0
cEDH,isshin-two-heavens-as-one,0,100,9,31,97,2.33,0.22,3.7,7,,3,3,10,6,4,7,2,6,0,23,0.15,17,5,8,0.005,0.0085,0.0225,0.229
cEDH,anim-pakal-thousandth-moon,0,100,7,30,100,2.11,0.23,3.4,9,,1,1,8,2,5,4,2,10,0,16,0.16,10,5,8,0.004,0.0075,0.016,0.0825
cEDH,jirina-kudro,0,100,3,35,100,2.74,0.12,3.5,,,0,0,0,3,6,1,1,11,3,7,0.13,6,5,,0,0,0,0
cEDH,adeline-resplendent-cathar,0,100,5,33,100,2.03,0.23,3.5,,,0,0,0,3,10,0,1,9,2,8,0.1,7,5,,0,0,0,0
cEDH,ilharg-the-raze-boar,0,100,12,29,93,3.38,0.17,4,6,8,5,5,21,2,6,7,5,10,3,26,0.22,9,5,7.5,0.005,0.0165,0.03,0.16
cEDH,eruth-tormented-prophet,0,100,13,25,100,1.87,0.32,3.8,4,4,8,4,7,3,26,9,10,8,0,26,0.27,14,5,7,0.005,0.0095,0.014,0.0615
cEDH,melek-izzet-paragon,0,100,6,34,94,2.61,0.16,3.6,4,4,10,1,3,5,18,4,8,3,1,14,0.15,10,5,8,0.0015,0.003,0.0095,0.042
cEDH,kalamax-the-stormsire,0,100,6,30,100,2.26,0.26,3.4,4,5,11,2,5,6,11,8,12,12,2,21,0.32,14,5,7,0.0095,0.0165,0.0245,0.0695
cEDH,niv-mizzet-parun,0,100,7,32,97,1.97,0.3,3.7,7,,3,3,3,3,15,13,17,12,1,20,0.42,10,5,7,0.0155,0.043,0.1055,0.496
cEDH,kyler-sigardian-emissary,0,100,6,33,97,2.54,0.19,3.7,,,0,0,0,5,11,1,0,7,1,19,0.08,11,5,,0,0,0,0
cEDH,marwyn-the-nurturer,0,100,4,27,100,2.62,0.25,2.9,,,25,0,0,6,13,1,0,7,0,20,0.08,9,5,,0,0,0,0
cEDH,ezuri-renegade-leader,0,100,4,29,100,2.48,0.23,3.1,,,20,0,0,7,10,0,0,6,0,24,0.06,6,5,,0,0,0,0
cEDH,the-mimeoplasm,0,100,6,30,97,2.34,0.28,3.4,6,10,3,3,2,9,9,7,6,7,2,16,0.2,19,5,8,0.0085,0.0245,0.0545,0.3305
cEDH,meren-of-clan-nel-toth,0,100,6,30,97,2.1,0.3,3.5,,,2,0,0,9,7,1,0,14,2,18,0.15,14,5,,0,0,0,0
cEDH,karador-ghost-chieftain,0,100,5,33,100,2.1,0.27,3.6,5,7,12,4,10,9,2,1,0,9,1,18,0.1,13,5,8,0.001,0.004,0.0095,0.056
cEDH,yarok-the-desecrated,0,100,6,33,100,2.09,0.3,3.7,6,9,5,2,2,9,9,7,9,5,2,21,0.21,18,5,7,0.0095,0.022,0.0545,0.2965
cEDH,old-rutstein,0,100,10,28,93,1.79,0.31,3.9,,,2,0,0,8,9,2,0,10,1,27,0.12,14,5,,0,0,0,0
cEDH,wilhelt-the-rotcleaver,0,100,7,31,97,2.35,0.21,3.7,6,9,34,8,11,6,6,5,8,9,3,15,0.22,14,5,8,0.011,0.029,0.056,0.3105
cEDH,ezuri-claw-of-progress,0,100,6,32,100,1.82,0.29,3.5,6,10,2,2,2,8,13,6,9,5,1,25,0.2,14,5,6,0.08,0.189,0.338,0.7705
cEDH,volrath-the-shapestealer,0,100,6,31,94,2.25,0.24,3.4,10,,2,2,2,8,9,4,4,11,2,15,0.19,14,5,9,0.0005,0.0005,0.002,0.0495
cEDH,zaxara-the-exemplary,0,100,7,31,100,1.88,0.28,3.6,6,9,16,2,2,8,11,8,10,10,1,23,0.28,18,5,7,0.01,0.0285,0.062,0.2775
cEDH,harald-king-of-skemfar,0,100,7,27,100,2.01,0.29,3.4,,,11,0,0,10,9,1,1,8,0,25,0.1,12,5,,0,0,0,0
cEDH,nath-of-the-gilt-leaf,0,100,6,27,100,2.25,0.28,3.3,,,2,0,0,8,10,2,0,12,2,20,0.14,15,5,,0,0,0,0
cEDH,tyvar-the-bellicose,0,100,5,32,97,2.29,0.22,3.5,,,17,0,0,7,8,1,0,10,1,26,0.11,12,5,,0,0,0,0
cEDH,wort-the-raidmother,0,100,13,27,96,2.18,0.22,3.8,,,4,0,0,4,10,3,2,7,0,32,0.12,11,5,,0,0,0,0
cEDH,grumgully-the-generous,0,100,7,32,97,2.41,0.24,3.7,13,,4,1,8,7,3,3,2,16,1,22,0.21,11,5,,0,0,0,0
cEDH,krenko-mob-boss,0,100,6,31,97,2.28,0.21,3.4,7,,31,5,8,4,5,3,2,15,1,17,0.2,8,5,8,0.003,0.0095,0.021,0.147
cEDH,krenko-tin-street-kingpin,0,100,6,30,100,2.1,0.26,3.3,8,,4,3,12,3,7,4,3,14,2,17,0.21,7,5,9,0,0,0.0015,0.0195
cEDH,squee-the-immortal,0,100,8,45,100,2.44,0.13,3.9,11,,6,1,7,4,9,3,1,5,1,20,0.09,7,5,7,0,0.002,0.006,0.031
cEDH,ib-halfheart-goblin-tactician,0,100,1,33,94,3.09,0.09,3,21,,2,2,2,1,4,2,1,17,4,11,0.2,1,5,,0,0,0,0
cEDH,muxus-goblin-grandee,0,100,12,27,100,2.18,0.26,4,10,,5,1,6,4,2,4,3,14,0,22,0.21,8,5,9,0,0.0005,0.001,0.0175
cEDH,purphoros-god-of-the-forge,0,100,8,31,100,2.48,0.17,3.7,,,5,0,0,4,6,4,3,14,2,20,0.21,8,5,,0,0,0,0
cEDH,mahadi-emporium-master,0,100,10,29,97,2.56,0.22,4,16,,2,1,5,7,7,5,2,11,1,30,0.18,13,5,10,0,0,0,0.008
cEDH,garna-bloodfist-of-keld,0,100,9,33,91,2.46,0.2,4.5,,,0,0,0,5,4,4,2,9,0,16,0.15,9,5,,0,0,0,0
cEDH,lagomos-hand-of-hatred,0,100,11,31,97,2.22,0.23,4.5,,,3,0,0,9,11,7,3,14,1,23,0.24,16,5,,0,0,0,0
cEDH,shagrat-loot-bearer,0,100,0,40,88,2.68,0.13,2.9,,,0,0,0,0,5,0,0,8,2,5,0.08,0,5,,0,0,0,0
cEDH,kresh-the-bloodbraided,0,100,2,36,92,3.7,0.08,3.2,,,0,0,0,3,6,2,0,12,2,17,0.14,3,5,,0,0,0,0
cEDH,alesha-who-smiles-at-death,0,100,9,30,100,2.16,0.23,4.1,12,,23,10,10,9,6,5,3,8,0,17,0.16,18,5,10,0,0,0,0.0045
cEDH,chainer-nightmare-adept,0,100,11,30,97,2.4,0.22,4.4,,,6,0,0,9,5,6,2,11,2,22,0.19,15,5,,0,0,0,0
cEDH,feldon-of-the-third-path,0,100,12,29,97,2.56,0.19,4,7,10,8,2,11,4,14,7,5,7,0,24,0.19,10,5,8,0.0015,0.0075,0.0095,0.08
cEDH,shirei-shizos-caretaker,0,100,6,32,94,2.22,0.19,3.9,,,0,0,0,3,18,1,0,11,0,20,0.12,9,5,,0,0,0,0
cEDH,marchesa-the-black-rose,0,100,9,30,100,2.09,0.23,4.1,4,3,5,4,7,6,8,7,8,6,2,18,0.21,19,5,7,0.0255,0.0495,0.0725,0.284
cEDH,kolaghan-the-storms-fury,0,100,0,31,100,3.58,0.06,2.8,,,0,0,0,0,14,0,0,18,4,11,0.18,0,5,,0,0,0,0
cEDH,the-ur-dragon,0,100,5,34,100,3.89,0.11,3.5,9,,3,3,16,4,6,3,4,7,3,23,0.14,15,5,9,0,0.0015,0.0025,0.1185
cEDH,scion-of-the-ur-dragon,0,99,9,28,100,2.14,0.3434343434343434,3.7,4,4,4,4,7,6,9,6,8,5,0,27,0.1919191919191919,18,5,7,0.031,0.06,0.09,0.32
cEDH,karrthus-tyrant-of-jund,0,100,2,38,87,4.24,0.06,3.1,,,0,0,0,1,10,1,0,12,4,24,0.13,0,5,,0,0,0,0
cEDH,samut-vizier-of-naktamun,0,100,7,29,100,2.14,0.28,3.3,8,,2,1,3,7,6,3,2,14,0,22,0.19,10,5,9,0,0.0015,0.005,0.099
cEDH,henzie-toolbox-torre,1,99,6,32,100,2.61,0.26262626262626265,3.6,,,0,0,0,8,6,4,1,11,1,24,0.16161616161616163,15,5,,0,0,0,0
cEDH,vazi-keen-negotiator,0,100,1,27,81,3.07,0.11,2.3,11,,2,2,1,6,6,1,0,9,3,32,0.1,5,5,8,0.0005,0.002,0.011,0.167
cEDH,sekkuar-deathkeeper,0,100,8,32,97,1.91,0.28,3.8,7,,8,2,6,9,6,6,3,12,1,19,0.21,12,5,8,0.002,0.004,0.008,0.049
cEDH,shattergang-brothers,0,100,8,30,100,2.11,0.25,3.8,10,,8,2,6,10,3,0,0,13,2,26,0.13,11,5,8,0.002,0.005,0.0105,0.083
cEDH,prossh-skyraider-of-kher,0,100,9,30,100,1.9,0.32,4,19,,4,1,5,7,6,3,2,11,1,27,0.16,18,5,10,0,0,0,0.0025
cEDH,vaevictis-asmadi-the-dire,0,100,10,33,97,2.39,0.24,4.3,10,,1,1,9,9,5,4,1,9,1,30,0.14,9,5,9,0.002,0.009,0.0175,0.143
cEDH,lathliss-dragon-queen,0,100,7,29,90,3.62,0.16,3.4,,,2,0,0,2,12,5,3,13,1,22,0.21,7,5,,0,0,0,0
cEDH,atsushi-the-blazing-sky,0,100,15,30,97,2.13,0.25,4.5,,,5,0,0,3,9,4,3,14,1,30,0.21,10,5,,0,0,0,0
cEDH,mangara-the-diplomat,0,100,7,28,96,2.36,0.2,3.2,5,8,6,2,3,3,10,3,5,15,2,16,0.23,9,5,7,0.003,0.011,0.0215,0.0805
cEDH,lotho-corrupt-shirriff,0,100,11,28,96,2.14,0.26,4.2,,,3,0,0,9,12,5,3,8,0,21,0.16,17,5,,0,0,0,0
cEDH,gavi-nest-warden,0,100,5,31,77,2.81,0.12,3.1,4,6,6,6,7,2,47,3,11,14,7,15,0.28,15,5,7,0.01,0.0285,0.056,0.2105
cEDH,kotori-pilot-prodigy,0,100,2,38,87,3,0.07,3,,,0,0,0,2,9,1,0,7,2,12,0.08,1,5,,0,0,0,0
cEDH,greasefang-okiba-boss,0,100,5,34,97,2.45,0.21,3.6,,,0,0,0,7,12,0,0,10,0,9,0.1,9,5,,0,0,0,0
cEDH,sram-senior-edificer,0,100,9,26,100,1.49,0.41,3.2,,,5,0,0,3,10,1,0,6,0,17,0.07,8,5,,0,0,0,0
cEDH,brago-king-eternal,0,100,7,31,100,2.29,0.19,3.5,,,13,0,0,5,10,6,12,10,1,15,0.28,16,5,,0,0,0,0
cEDH,yorion-sky-nomad,0,100,7,31,97,2.62,0.19,3.5,13,,17,2,5,4,10,6,11,13,1,16,0.3,13,5,,0,0,0,0
cEDH,chulane-teller-of-tales,0,100,4,31,100,1.99,0.26,3.2,,,10,0,0,6,7,6,9,6,1,22,0.21,13,5,,0,0,0,0
cEDH,roon-of-the-hidden-realm,0,100,6,30,100,2.3,0.25,3.3,15,,13,6,2,7,11,7,14,9,1,20,0.3,20,5,,0,0,0,0
cEDH,ranar-the-ever-watchful,0,100,4,35,80,3.06,0.09,3.3,,,0,0,0,1,12,1,2,11,2,14,0.14,7,5,,0,0,0,0
cEDH,raff-capashen-ships-mage,0,100,8,32,94,2,0.25,3.6,,,10,0,0,3,15,7,14,9,1,18,0.3,16,5,,0,0,0,0
cEDH,talrand-sky-summoner,0,100,4,33,100,2.31,0.24,3.4,14,,2,1,2,5,16,8,18,10,1,10,0.36,12,5,9,0,0,0,0.0005
cEDH,the-locust-god,0,100,9,31,97,2.22,0.26,3.8,4,4,8,2,5,3,25,9,14,7,1,18,0.3,18,5,7,0.004,0.008,0.011,0.039
cEDH,orvar-the-all-form,0,100,6,31,100,2.22,0.22,3.4,,,4,0,0,5,13,7,17,11,1,11,0.35,13,5,,0,0,0,0
cEDH,toothy-imaginary-friend,0,100,5,30,100,2.23,0.22,3.2,,,3,0,0,2,21,7,16,9,1,11,0.32,10,5,,0,0,0,0
cEDH,meloku-the-clouded-mirror,0,100,7,32,97,2.26,0.23,3.6,13,,7,6,3,6,17,8,13,5,2,11,0.26,15,5,9,0,0,0,0.001
cEDH,ojer-taq-deepest-foundation,0,100,3,40,98,3.35,0.08,3.8,,,0,0,0,0,12,2,0,9,6,12,0.11,2,5,,0,0,0,0
cEDH,rhys-the-redeemed,0,100,5,31,100,2.48,0.22,3.2,,,10,0,0,6,11,0,0,7,1,22,0.07,10,5,,0,0,0,0
cEDH,myrel-shield-of-argive,0,100,6,32,100,2.29,0.2,3.5,,,2,0,0,3,12,2,4,11,3,11,0.17,9,5,,0,0,0,0
cEDH,kess-dissident-mage,0,100,10,29,100,1.94,0.29,4.1,4,3,6,4,7,9,11,11,12,7,2,18,0.3,24,5,7,0.022,0.0445,0.0805,0.3285
cEDH,cecily-haunted-mage,0,100,3,30,87,3.53,0.14,2.9,7,,6,2,6,5,16,6,13,10,4,13,0.29,7,5,8,0.001,0.0035,0.0085,0.086
cEDH,cormela-glamour-thief,0,100,11,27,100,1.89,0.31,4.1,4,3,14,4,7,7,8,9,11,10,2,21,0.3,22,5,7,0.041,0.0645,0.093,0.3115
cEDH,anhelo-the-painter,0,100,11,29,100,1.93,0.27,4.1,4,3,6,4,7,7,11,11,11,6,1,17,0.28,23,5,7,0.0275,0.0485,0.081,0.3035
cEDH,zevlor-elturel-exile,0,100,9,28,100,2.01,0.26,3.7,4,4,5,4,7,8,9,10,9,11,3,17,0.3,22,5,7,0.0225,0.0435,0.0715,0.3035
cEDH,admiral-beckett-brass,0,100,2,34,88,3.15,0.1,3.1,,,0,0,0,5,7,4,5,11,5,20,0.2,8,5,,0,0,0,0
cEDH,ramirez-depietro-pillager,0,100,12,27,96,1.93,0.29,4.2,6,7,2,2,2,6,9,11,11,9,1,19,0.31,18,5,8,0.017,0.0295,0.0525,0.197
cEDH,pia-nalaar-consul-of-revival,0,100,10,31,97,2.42,0.21,3.9,,,1,0,0,2,6,4,1,10,2,21,0.15,9,5,,0,0,0,0
cEDH,kalain-reclusive-painter,0,100,17,45,100,1.65,0.26,5.3,,,3,0,0,4,2,3,2,8,2,25,0.13,13,5,,0,0,0,0
cEDH,rocco-street-chef,0,100,8,30,100,2.24,0.21,3.5,,,5,0,0,6,7,4,2,9,1,29,0.15,11,5,,0,0,0,0
cEDH,xanathar-guild-kingpin,0,100,7,28,100,2.15,0.25,3.3,6,,3,2,2,7,10,9,12,7,2,13,0.28,18,5,8,0.0115,0.024,0.036,0.193
cEDH,sen-triplets,0,100,8,31,100,1.96,0.25,3.7,6,9,2,2,2,7,12,7,13,7,2,18,0.27,23,5,8,0.0135,0.025,0.0415,0.2265
cEDH,captain-nghathrod,0,100,6,33,100,2.61,0.17,3.7,3,3,4,4,7,6,9,4,9,10,4,9,0.23,15,5,6,0.038,0.065,0.08,0.17
cEDH,zimone-quandrix-prodigy,0,100,6,31,100,2.09,0.26,3.4,,,3,0,0,5,10,7,11,8,1,18,0.26,16,5,,0,0,0,0
cEDH,tatyova-benthic-druid,0,100,5,36,97,2.33,0.26,3.5,13,,7,6,3,4,10,6,11,7,1,21,0.24,13,5,,0,0,0,0
cEDH,aesi-tyrant-of-gyre-strait,0,100,6,36,94,2.45,0.23,3.6,13,,13,6,3,4,7,6,11,6,1,26,0.23,14,5,9.5,0,0,0,0.001
cEDH,goreclaw-terror-of-qal-sisma,0,100,3,35,97,3.55,0.13,3.4,,,4,0,0,2,21,4,0,4,0,25,0.08,4,5,,0,0,0,0
cEDH,ghalta-primal-hunger,0,100,6,30,100,3.2,0.21,3.4,,,22,0,0,3,17,2,0,5,0,32,0.07,9,5,,0,0,0,0
cEDH,omnath-locus-of-mana,0,100,3,36,100,3.06,0.18,3.4,,,4,0,0,4,14,0,0,6,0,31,0.06,8,5,,0,0,0,0
cEDH,yisan-the-wanderer-bard,0,100,4,31,100,2.16,0.29,3.2,,,13,0,0,6,3,0,0,12,0,21,0.12,9,5,,0,0,0,0
cEDH,azusa-lost-but-seeking,0,100,4,43,98,2.68,0.2,3.4,,,1,0,0,6,7,0,0,8,0,21,0.08,10,5,,0,0,0,0
cEDH,arixmethes-slumbering-isle,0,100,3,41,90,2.68,0.2,3.3,,,10,0,0,3,11,4,8,13,2,24,0.25,5,5,,0,0,0,0
cEDH,mayael-the-anima,0,100,5,31,100,4.17,0.17,3.4,,,0,0,0,2,10,5,2,13,0,25,0.2,9,5,,0,0,0,0
cEDH,roxanne-starfall-savant,0,100,11,28,100,2.07,0.31,3.9,,,6,0,0,7,5,4,2,11,0,30,0.17,14,5,,0,0,0,0
cEDH,hans-eriksson,0,100,5,31,94,2.55,0.24,3.3,10,,4,1,6,8,7,3,1,11,1,19,0.15,8,5,9,0,0,0.0005,0.014
cEDH,jodah-archmage-eternal,0,100,6,33,100,3.91,0.2,3.6,28,,1,1,3,6,11,10,7,9,3,22,0.26,16,5,,0,0,0,0
cEDH,rukarumel-biologist,0,100,6,30,97,2.17,0.23,3.3,8,,10,1,1,9,8,3,6,7,0,22,0.16,20,5,9,0.0005,0.001,0.006,0.1345
cEDH,reki-the-history-of-kamigawa,0,100,4,35,94,2.8,0.17,3.4,,,0,0,0,4,10,0,0,6,0,28,0.06,6,5,,0,0,0,0
cEDH,garth-one-eye,0,100,8,30,100,1.91,0.33,3.8,4,4,15,4,7,8,7,6,8,6,1,25,0.2,22,5,7,0.026,0.046,0.0905,0.3435
cEDH,jared-carthalion,0,100,4,37,86,3.46,0.1,3.4,,,0,0,0,0,14,2,1,12,5,15,0.15,3,5,,0,0,0,0
cEDH,cromat,0,94,6,27,100,2.19,0.2765957446808511,3.4,4,5,5,4,8,7,8,5,5,6,1,20,0.1702127659574468,23,5,8,0.017,0.0375,0.066,0.3555
cEDH,ramos-dragon-engine,0,100,11,31,100,1.96,0.32,4.4,6,7,5,1,2,9,7,5,8,5,2,30,0.18,29,5,7,0.0245,0.046,0.0795,0.245
cEDH,ratadrabik-of-urborg,0,100,10,28,96,2,0.22,3.9,8,,20,6,9,8,7,3,1,7,1,21,0.11,14,5,8,0.006,0.0215,0.0395,0.2995
cEDH,dihada-binder-of-wills,0,98,11,24,100,1.95,0.2653061224489796,3.8,9,,8,1,3,9,5,4,2,9,1,27,0.15306122448979592,18,5,8,0.006,0.0105,0.0145,0.1135
cEDH,cadric-soul-kindler,0,100,6,33,97,2.75,0.11,3.6,,,0,0,0,2,10,2,1,10,4,17,0.13,6,5,,0,0,0,0
cEDH,magnus-the-red,0,100,2,34,94,3.09,0.1,3.1,14,,3,2,2,4,12,4,7,3,0,16,0.14,6,5,10,0,0,0,0.0005
cEDH,jhoira-weatherlight-captain,0,100,11,26,100,1.91,0.3,3.6,4,4,33,6,15,3,15,8,8,9,3,24,0.25,14,5,7,0.0045,0.011,0.023,0.0805
cEDH,saheeli-the-gifted,0,100,6,29,100,2.96,0.18,3.2,28,,6,1,3,5,11,7,12,10,3,18,0.29,14,5,,0,0,0,0
cEDH,torbran-thane-of-red-fell,0,100,10,32,97,2.51,0.16,3.9,9,,1,1,2,3,9,5,4,20,6,20,0.29,8,5,8,0.0015,0.004,0.009,0.0755
cEDH,ojer-axonil-deepest-might,0,100,11,29,100,2.11,0.2,3.8,,,2,0,0,2,6,5,4,14,4,18,0.23,9,5,,0,0,0,0
cEDH,solphim-mayhem-dominus,0,100,11,33,97,2.36,0.16,4.1,9,,4,3,3,2,5,5,3,16,7,20,0.24,8,5,8,0.005,0.019,0.0335,0.195
Nicht-cEDH,thranduil-the-elvenking,0,100,3,35,91,2.75,0.11,3.3,,,8,0,0,6,10,3,3,4,1,22,0.1,1,5,,0,0,0,0
Nicht-cEDH,the-great-goblin,0,100,2,35,89,2.82,0.09,3.2,8,,9,1,5,0,8,0,0,13,1,15,0.13,1,5,9,0,0,0,0.002
Nicht-cEDH,smaug-the-impenetrable,0,100,3,36,94,3.41,0.04,3.4,8,,7,5,7,2,7,2,0,20,5,25,0.22,3,5,9,0,0.002,0.006,0.1665
Nicht-cEDH,bard-king-of-dale,0,100,1,36,94,2.7,0.12,3,,,3,0,0,0,31,2,7,8,2,13,0.17,2,5,,0,0,0,0
Nicht-cEDH,the-madcap-jester,0,100,2,35,91,3.15,0.06,3.2,,,0,0,0,0,5,9,7,5,2,16,0.21,3,5,,0,0,0,0
Nicht-cEDH,kinnan-bonder-prodigy,0,100,7,29,100,2.61,0.23,3.3,,,13,0,0,4,10,6,12,7,1,27,0.25,13,5,,0,0,0,0
Nicht-cEDH,kraum-ludevics-opus-tymna-the-weaver,0,98,12,26,100,1.9,0.3163265306122449,4.2,4,3,7,4,7,7,11,8,10,5,0,23,0.23469387755102042,23,5,7,0.035,0.0585,0.0915,0.313
Nicht-cEDH,thrasios-triton-hero-tymna-the-weaver,0,98,6,27,100,1.97,0.2857142857142857,3.1,6,,6,2,2,10,11,7,9,8,2,23,0.24489795918367346,22,5,8,0.01,0.0265,0.061,0.3065
Nicht-cEDH,rograkh-son-of-rohgahh-silas-renn-seeker-adept,0,98,15,23,100,1.83,0.336734693877551,4.3,4,3,6,4,7,6,9,12,12,6,0,24,0.30612244897959184,21,5,7,0.0435,0.0795,0.12,0.3315
Nicht-cEDH,sisay-weatherlight-captain,0,100,6,32,100,2.31,0.22,3.5,,,8,0,0,4,12,5,8,12,2,33,0.25,12,5,,0,0,0,0
Nicht-cEDH,vivi-ornitier,0,100,5,32,94,2.22,0.26,3.3,4,5,7,5,6,2,20,5,11,11,2,16,0.27,9,5,9,0.0025,0.005,0.0105,0.1035
Nicht-cEDH,rograkh-son-of-rohgahh-thrasios-triton-hero,0,100,6,30,100,1.99,0.27,3.3,,,1,0,0,7,8,6,9,7,1,22,0.22,13,5,,0,0,0,0
Nicht-cEDH,yuriko-the-tigers-shadow,0,100,3,35,97,2.92,0.23,3.3,,,0,0,0,3,16,5,6,7,0,7,0.18,5,5,,0,0,0,0
Nicht-cEDH,krrik-son-of-yawgmoth,0,100,6,33,97,3.22,0.14,4,11,,10,2,10,5,7,3,0,11,1,13,0.14,8,5,9.5,0,0,0,0.014
Nicht-cEDH,magda-brazen-outlaw,0,100,2,33,100,2.51,0.2,3.2,,,7,0,0,2,5,3,2,17,3,20,0.22,2,5,,0,0,0,0
Nicht-cEDH,etali-primal-conqueror,0,100,13,33,97,2.36,0.23,4.6,,,6,0,0,2,5,4,2,6,0,35,0.12,9,5,,0,0,0,0
Nicht-cEDH,kefka-court-mage,0,100,4,34,94,2.73,0.14,3.6,11,,2,1,3,4,12,7,6,13,4,18,0.26,12,5,9,0.001,0.005,0.0165,0.148
Nicht-cEDH,glarb-calamitys-augur,0,100,3,35,86,2.69,0.18,3.2,,,0,0,0,4,10,4,6,8,3,25,0.18,11,5,,0,0,0,0
Nicht-cEDH,urza-lord-high-artificer,0,100,6,31,97,2.32,0.23,3.4,,,8,0,0,2,17,6,10,6,1,12,0.22,10,5,,0,0,0,0
Nicht-cEDH,tivit-seller-of-secrets,0,100,4,33,94,2.51,0.17,3.4,8,,4,2,3,6,10,5,9,9,2,21,0.23,15,5,8,0.0135,0.036,0.078,0.4775
Nicht-cEDH,hashaton-scarabs-fist,0,100,2,34,94,3.09,0.16,3.2,,,1,0,0,2,24,4,5,13,5,15,0.22,7,5,,0,0,0,0
Nicht-cEDH,ob-nixilis-captive-kingpin,0,100,10,31,97,2.2,0.19,4.2,6,7,5,3,4,4,5,4,2,17,3,20,0.23,10,5,7,0.0465,0.093,0.1495,0.5155
Nicht-cEDH,najeela-the-blade-blossom,0,100,4,34,97,2.14,0.21,3.3,6,10,4,4,16,5,7,5,4,5,1,24,0.14,10,5,6,0.0495,0.1725,0.2965,0.736
Nicht-cEDH,thrasios-triton-hero-yoshimaru-ever-faithful,0,100,6,31,100,1.99,0.28,3.4,,,10,0,0,6,11,5,8,7,1,23,0.2,14,5,,0,0,0,0
Nicht-cEDH,atraxa-grand-unifier,0,100,4,35,89,2.54,0.18,3.4,,,6,0,0,3,13,3,4,11,3,28,0.18,10,5,,0,0,0,0
Nicht-cEDH,ral-monsoon-mage,0,100,11,29,100,2.06,0.26,4,4,3,11,2,5,3,20,12,9,10,0,23,0.31,10,5,7,0.0075,0.0105,0.0185,0.0505
Nicht-cEDH,terra-magical-adept,0,100,1,35,97,3.11,0.11,3.1,,,2,0,0,2,16,3,4,14,0,22,0.21,5,5,,0,0,0,0
Nicht-cEDH,winota-joiner-of-forces,0,100,3,34,97,2.38,0.21,3.2,6,,5,5,10,0,2,2,2,12,1,11,0.16,2,5,9,0,0.0015,0.002,0.0525
Nicht-cEDH,stella-lee-wild-card,0,100,3,33,91,2.09,0.24,3.1,,,0,0,0,4,24,6,6,6,1,14,0.18,4,5,,0,0,0,0
Nicht-cEDH,lathril-blade-of-the-elves,0,100,1,35,86,3.29,0.07,2.9,,,5,0,0,2,9,0,0,9,2,17,0.09,0,5,,0,0,0,0
Nicht-cEDH,muldrotha-the-gravetide,0,100,2,36,92,2.63,0.13,3.1,7,,1,1,1,3,11,1,3,8,2,17,0.12,4,5,9,0,0,0.002,0.065
Nicht-cEDH,sidisi-brood-tyrant,0,100,1,36,83,2.81,0.11,2.9,,,1,0,0,2,4,0,1,6,1,18,0.07,0,5,,0,0,0,0
Nicht-cEDH,experiment-kraj,0,100,2,34,85,2.8,0.06,3,16,,27,1,2,0,8,0,4,5,1,20,0.09,0,5,,0,0,0,0
Nicht-cEDH,tasigur-the-golden-fang,0,100,4,35,97,2.51,0.23,3.5,6,9,2,1,2,4,9,5,9,12,4,18,0.26,12,5,8,0.0055,0.0145,0.0275,0.1435
Nicht-cEDH,abomination-of-llanowar,0,100,1,34,82,3.05,0.06,2.9,,,0,0,0,0,11,0,0,11,2,17,0.11,0,5,,0,0,0,0
Nicht-cEDH,wort-boggart-auntie,0,100,1,35,86,2.72,0.13,2.9,,,1,0,0,2,7,0,0,17,1,9,0.17,0,5,,0,0,0,0
Nicht-cEDH,pashalik-mons,0,100,1,35,91,2.55,0.13,3,,,1,0,0,1,8,0,0,17,2,9,0.17,0,5,,0,0,0,0
Nicht-cEDH,juri-master-of-the-revue,0,100,1,36,89,2.67,0.13,3,6,,10,6,11,1,13,0,0,16,3,22,0.16,0,5,8,0.002,0.013,0.0215,0.107
Nicht-cEDH,mauhur-uruk-hai-captain,0,100,1,34,82,2.98,0.04,2.9,20,,1,1,2,0,10,0,0,13,2,8,0.13,1,5,,0,0,0,0
Nicht-cEDH,ugluk-of-the-white-hand,0,100,1,35,86,2.69,0.07,2.9,20,,1,1,2,0,11,0,0,12,1,12,0.12,0,5,,0,0,0,0
Nicht-cEDH,grenzo-dungeon-warden,0,100,3,35,89,3.22,0.08,3.2,7,,10,2,5,1,7,0,0,15,2,18,0.15,0,5,8,0,0.001,0.003,0.02
Nicht-cEDH,rivaz-of-the-claw,0,100,1,36,89,3.81,0.03,3,,,1,0,0,1,11,0,0,14,4,17,0.14,0,5,,0,0,0,0
Nicht-cEDH,bladewing-the-risen,0,100,2,35,89,3.78,0.06,3.2,,,2,0,0,3,11,0,0,14,5,17,0.14,1,5,,0,0,0,0
Nicht-cEDH,ognis-the-dragons-lash,0,100,1,34,97,3.11,0.08,3.1,,,0,0,0,0,9,1,0,9,2,26,0.1,0,5,,0,0,0,0
Nicht-cEDH,ziatora-the-incinerator,0,100,1,35,94,3.65,0.07,3,15,,1,1,2,0,10,2,0,10,1,19,0.12,0,5,,0,0,0,0
Nicht-cEDH,korvold-fae-cursed-king,0,100,3,33,94,2.7,0.14,3.3,9,,11,5,1,3,5,1,0,13,3,33,0.14,5,5,8,0.001,0.008,0.023,0.176
Nicht-cEDH,ganax-astral-hunter,0,100,1,34,88,4.15,0.05,3,,,0,0,0,0,10,2,0,17,4,24,0.19,1,5,,0,0,0,0
Nicht-cEDH,the-council-of-four,0,100,1,35,89,2.94,0.07,3,27,,2,1,1,0,24,1,7,11,5,16,0.19,2,5,,0,0,0,0
Nicht-cEDH,shorikai-genesis-engine,0,100,1,34,91,2.92,0.12,3,,,1,0,0,1,13,2,4,11,3,14,0.17,4,5,,0,0,0,0
Nicht-cEDH,ephara-god-of-the-polis,0,100,1,38,89,3.21,0.06,3,29,,2,1,1,0,9,3,8,18,5,14,0.29,2,5,,0,0,0,0
Nicht-cEDH,alandra-sky-dreamer,0,100,1,35,91,2.8,0.13,3,,,0,0,0,0,45,1,5,5,2,8,0.11,2,5,,0,0,0,0
Nicht-cEDH,minn-wily-illusionist,0,100,1,34,94,2.86,0.15,3,,,1,0,0,0,39,1,6,4,1,9,0.11,2,5,,0,0,0,0
Nicht-cEDH,mondrak-glory-dominus,0,100,1,35,91,3.25,0.1,3,,,0,0,0,0,15,2,0,10,6,9,0.12,3,5,,0,0,0,0
Nicht-cEDH,jeleva-nephalias-scourge,0,100,2,36,94,4.33,0.05,3.2,,,0,0,0,1,11,17,3,10,5,17,0.3,1,5,,0,0,0,0
Nicht-cEDH,evelyn-the-covetous,0,100,2,33,88,2.9,0.1,3.1,,,1,0,0,2,12,2,4,11,5,14,0.17,4,5,,0,0,0,0
Nicht-cEDH,don-andres-the-renegade,0,100,1,36,89,3.52,0.03,3,,,0,0,0,0,5,11,1,8,1,22,0.2,0,5,,0,0,0,0
Nicht-cEDH,prosper-tome-bound,0,100,2,33,88,3.4,0.05,3.1,,,1,0,0,0,5,9,0,16,4,25,0.25,2,5,,0,0,0,0
Nicht-cEDH,haldan-avid-arcanist,0,100,4,34,82,3.86,0.08,3.4,,,0,0,0,0,14,22,5,12,3,9,0.39,0,5,,0,0,0,0
Nicht-cEDH,tasha-the-witch-queen,0,100,2,35,91,3.32,0.06,3.2,,,0,0,0,0,9,18,6,10,3,9,0.34,0,5,,0,0,0,0
Nicht-cEDH,thrasios-triton-hero,0,100,3,36,94,2.38,0.18,3.3,,,3,0,0,3,10,3,8,8,1,33,0.19,9,5,,0,0,0,0
Nicht-cEDH,gretchen-titchwillow,0,100,1,39,95,2.56,0.11,3,,,7,0,0,2,8,1,7,5,0,32,0.13,2,5,,0,0,0,0
Nicht-cEDH,selvala-heart-of-the-wilds,0,100,2,33,97,3.46,0.18,3.2,,,23,0,0,3,17,3,0,7,0,17,0.1,2,5,,0,0,0,0
Nicht-cEDH,kruphix-god-of-horizons,0,100,2,36,92,3.98,0.06,3.1,,,1,0,0,0,16,0,7,10,1,30,0.17,4,5,,0,0,0,0
Nicht-cEDH,svella-ice-shaper,0,100,1,35,89,4.32,0.06,3,,,2,0,0,0,8,7,0,10,1,24,0.17,1,5,,0,0,0,0
Nicht-cEDH,jodah-the-unifier,0,100,2,37,86,3.05,0.08,3,6,10,3,2,6,2,16,2,2,7,2,24,0.11,4,5,6,0.003,0.018,0.0355,0.107
Nicht-cEDH,captain-sisay,0,100,2,37,97,3.05,0.15,3.2,,,0,0,0,3,11,0,1,11,3,23,0.12,5,5,,0,0,0,0
Nicht-cEDH,esika-god-of-the-tree,0,100,1,34,82,3.74,0.06,2.9,,,1,0,0,4,13,4,3,11,5,29,0.18,7,5,,0,0,0,0
Nicht-cEDH,kenrith-the-returned-king,0,100,3,35,97,2.35,0.18,3.3,,,0,0,0,3,12,2,3,7,2,31,0.12,11,5,,0,0,0,0
Nicht-cEDH,kethis-the-hidden-hand,0,100,2,36,94,3.27,0.08,3.1,,,1,0,0,1,16,1,1,16,4,19,0.18,0,5,,0,0,0,0
Nicht-cEDH,shanid-sleepers-scourge,0,100,2,37,95,3.08,0.08,3.1,,,1,0,0,0,9,1,1,15,3,20,0.17,0,5,,0,0,0,0
Nicht-cEDH,vadrik-astral-archmage,0,100,3,34,91,3.02,0.06,3.3,8,,10,2,5,1,14,2,4,8,0,23,0.14,2,5,7,0,0.003,0.0165,0.089
Nicht-cEDH,veyran-voice-of-duality,0,100,2,33,91,2.45,0.19,3.1,,,1,0,0,1,22,3,5,13,3,13,0.21,4,5,,0,0,0,0
Nicht-cEDH,mizzix-of-the-izmagnus,0,100,2,34,91,3.12,0.09,3.2,,,7,0,0,2,22,2,4,12,4,13,0.18,4,5,,0,0,0,0
Nicht-cEDH,galazeth-prismari,0,100,1,34,94,3.23,0.06,3,,,1,0,0,2,22,3,6,9,2,21,0.18,3,5,,0,0,0,0
Nicht-cEDH,ghyrson-starn-kelermorph,0,100,1,35,89,2.29,0.18,3,7,,7,6,3,0,15,2,5,27,8,9,0.34,1,5,9,0,0,0.001,0.028
Nicht-cEDH,zaffai-thunder-conductor,0,100,2,35,86,4.22,0.05,3.1,,,6,0,0,0,16,13,4,11,3,17,0.28,0,5,,0,0,0,0
Nicht-cEDH,satoru-umezawa,0,100,2,34,91,2.98,0.18,3.2,,,0,0,0,1,17,6,6,8,2,10,0.2,3,5,,0,0,0,0
Nicht-cEDH,edric-spymaster-of-trest,0,100,1,34,97,2.03,0.32,3.1,,,0,0,0,0,11,4,8,7,1,10,0.19,1,5,,0,0,0,0
Nicht-cEDH,grazilaxx-illithid-scholar,0,100,1,34,97,2.5,0.15,3.1,,,1,0,0,0,25,2,7,17,4,9,0.26,1,5,,0,0,0,0
Nicht-cEDH,vela-the-night-clad,0,100,2,35,89,3.49,0.05,3.2,,,0,0,0,0,17,1,8,12,3,21,0.21,2,5,,0,0,0,0
Nicht-cEDH,higure-the-still-wind,0,100,1,34,97,2.47,0.16,3.1,8,,2,2,4,0,15,1,4,10,2,8,0.15,1,5,,0,0,0,0
Nicht-cEDH,kamiz-obscura-oculus,0,100,1,36,83,3.31,0.06,2.9,,,0,0,0,0,23,7,3,13,4,13,0.23,0,5,,0,0,0,0
Nicht-cEDH,vilis-broker-of-blood,0,100,2,36,94,3.14,0.09,3.2,9,,9,2,2,1,11,0,0,16,2,17,0.16,3,5,9,0,0.0005,0.0015,0.0335
Nicht-cEDH,yawgmoth-thran-physician,0,100,4,34,97,2.62,0.13,3.8,,,23,0,0,3,6,1,0,11,4,13,0.12,3,5,,0,0,0,0
Nicht-cEDH,rowan-scion-of-war,0,100,3,35,97,3.08,0.1,3.4,,,6,0,0,2,11,3,2,22,3,17,0.27,6,5,,0,0,0,0
Nicht-cEDH,chainer-dementia-master,0,100,3,37,95,3.35,0.09,3.5,,,0,0,0,4,10,0,0,17,5,13,0.17,4,5,,0,0,0,0
Nicht-cEDH,erebos-god-of-the-dead,0,100,2,36,94,3.28,0.09,3.2,,,8,0,0,2,10,2,0,19,5,14,0.21,4,5,,0,0,0,0
Nicht-cEDH,razaketh-the-foulblooded,0,100,4,36,97,3.56,0.09,3.8,,,2,0,0,2,9,0,0,14,3,20,0.14,3,5,,0,0,0,0
Nicht-cEDH,depala-pilot-exemplar,0,100,2,36,89,3.09,0.07,3.1,,,0,0,0,1,6,0,0,12,1,14,0.12,0,5,,0,0,0,0
Nicht-cEDH,captain-lannery-storm,0,100,1,36,97,3.13,0.11,3.1,,,0,0,0,1,13,3,0,9,2,41,0.12,1,5,,0,0,0,0
Nicht-cEDH,jolene-the-plunder-queen,0,100,1,35,94,3.28,0.07,3,,,0,0,0,1,9,1,0,8,2,41,0.09,0,5,,0,0,0,0
Nicht-cEDH,gadrak-the-crown-scourge,0,100,1,36,94,3.39,0.09,3,,,0,0,0,1,13,1,0,16,8,36,0.17,0,5,,0,0,0,0
Nicht-cEDH,etali-primal-storm,0,100,3,35,94,3.57,0.05,3.5,7,,4,4,9,0,9,5,0,6,2,21,0.11,1,5,8,0,0,0.005,0.059
Nicht-cEDH,plargg-and-nassari,0,100,3,36,92,3.75,0.04,3.3,,,0,0,0,0,5,19,2,11,4,19,0.32,1,5,,0,0,0,0
Nicht-cEDH,faldorn-dread-wolf-herald,0,100,1,36,83,3.8,0.01,2.9,,,0,0,0,0,3,13,1,11,3,16,0.25,1,5,,0,0,0,0
Nicht-cEDH,maelstrom-wanderer,0,100,2,38,95,4.32,0.03,3.2,,,6,0,0,0,10,19,1,11,2,24,0.31,0,5,,0,0,0,0
Nicht-cEDH,rashmi-and-ragavan,0,100,1,35,86,3.37,0.06,2.9,10,,2,2,1,0,10,5,4,8,1,29,0.17,0,5,9,0,0,0,0.014
Nicht-cEDH,pantlaza-sun-favored,0,100,1,38,82,4.44,0.04,2.9,22,,3,3,2,0,10,7,0,13,3,15,0.2,0,5,,0,0,0,0
Nicht-cEDH,lord-xander-the-collector,0,100,2,36,92,3.25,0.07,3.2,7,,16,16,8,1,11,2,7,8,3,16,0.17,5,5,9,0.0005,0.003,0.015,0.184
Nicht-cEDH,nicol-bolas-the-ravager,0,100,2,35,94,3.62,0.02,3.2,,,0,0,0,1,16,1,4,22,8,15,0.27,6,5,,0,0,0,0
Nicht-cEDH,kroxa-titan-of-deaths-hunger,0,100,2,36,92,2.67,0.12,3.2,,,2,0,0,3,17,1,0,16,4,9,0.17,3,5,,0,0,0,0
Nicht-cEDH,solkanar-the-tainted,0,100,1,36,92,3.23,0.02,3,,,4,0,0,0,20,0,3,10,2,13,0.13,0,5,,0,0,0,0
Nicht-cEDH,nekusar-the-mindrazer,0,100,2,36,92,3.05,0.06,3.2,16,,7,3,7,1,29,3,5,8,2,10,0.16,4,5,,0,0,0,0
Nicht-cEDH,tergrid-god-of-fright,0,100,3,35,97,2.88,0.06,3.5,,,0,0,0,2,11,0,0,28,4,10,0.28,4,5,,0,0,0,0
Nicht-cEDH,rashmi-eternities-crafter,0,100,1,35,91,2.69,0.18,3,,,0,0,0,1,16,4,11,10,1,19,0.25,4,5,,0,0,0,0
Nicht-cEDH,imoti-celebrant-of-bounty,0,100,1,36,89,5.23,0.02,3,,,0,0,0,0,15,14,2,10,0,26,0.26,0,5,,0,0,0,0
Nicht-cEDH,damia-sage-of-stone,0,100,2,37,89,3.05,0.07,3.2,,,0,0,0,1,10,1,3,8,3,29,0.12,4,5,,0,0,0,0
Nicht-cEDH,emry-lurker-of-the-loch,0,100,3,32,100,2.37,0.18,3.2,,,20,0,0,2,21,5,6,4,1,10,0.15,3,5,,0,0,0,0
Nicht-cEDH,sai-master-thopterist,0,100,2,35,97,2.83,0.11,3.2,,,8,0,0,0,19,2,5,4,0,13,0.11,0,5,,0,0,0,0
Nicht-cEDH,arcum-dagsson,0,100,7,32,100,2.38,0.23,3.6,,,8,0,0,1,7,6,10,6,0,17,0.22,9,5,,0,0,0,0
Nicht-cEDH,muzzio-visionary-architect,0,100,1,34,97,4.32,0.07,3.1,,,3,0,0,1,10,2,4,7,3,14,0.13,2,5,,0,0,0,0
Nicht-cEDH,memnarch,0,100,2,35,97,2.86,0.11,3.2,,,7,0,0,1,15,4,6,1,1,21,0.11,2,5,,0,0,0,0
Nicht-cEDH,marneus-calgar,0,100,2,35,86,2.8,0.11,3.1,,,8,0,0,3,15,3,6,12,3,18,0.21,7,5,,0,0,0,0
Nicht-cEDH,alela-artful-provocateur,0,100,1,35,91,2.63,0.05,3,,,1,0,0,0,14,0,5,9,2,15,0.14,3,5,,0,0,0,0
Nicht-cEDH,raffine-scheming-seer,0,100,1,36,94,2.72,0.1,3,,,0,0,0,1,20,7,8,11,5,12,0.26,3,5,,0,0,0,0
Nicht-cEDH,yennett-cryptic-sovereign,0,100,1,36,81,4.22,0.11,2.9,19,,2,2,4,2,18,11,1,11,3,8,0.23,1,5,,0,0,0,0
Nicht-cEDH,sydri-galvanic-genius,0,100,1,37,86,3.62,0.05,3,10,,4,2,2,0,14,0,2,11,1,15,0.13,0,5,9,0,0,0.0015,0.0575
Nicht-cEDH,varina-lich-queen,0,100,2,36,86,3.19,0.1,3.1,,,3,0,0,0,12,1,2,11,6,10,0.14,1,5,,0,0,0,0
Nicht-cEDH,the-scarab-god,0,100,2,36,89,3.05,0.09,3.2,,,2,0,0,2,8,1,3,10,5,8,0.14,2,5,,0,0,0,0
Nicht-cEDH,toluz-clever-conductor,0,100,1,34,71,3.03,0.08,2.8,10,,2,1,6,0,49,1,4,12,4,13,0.17,0,5,10,0,0,0,0.001
Nicht-cEDH,sefris-of-the-hidden-ways,0,100,1,34,91,3.09,0.08,3,,,0,0,0,2,16,1,2,13,1,11,0.16,0,5,,0,0,0,0
Nicht-cEDH,oskar-rubbish-reclaimer,0,100,2,36,92,2.75,0.09,3.2,,,0,0,0,0,32,2,5,11,2,15,0.18,0,5,,0,0,0,0
Nicht-cEDH,florian-voldaren-scion,0,100,2,36,89,2.77,0.12,3.2,9,,2,2,3,0,10,0,0,13,5,15,0.13,1,5,9.5,0,0,0,0.006
Nicht-cEDH,rakdos-lord-of-riots,0,100,2,35,89,3.94,0.06,3.2,,,0,0,0,1,14,1,0,22,6,11,0.23,1,5,,0,0,0,0
Nicht-cEDH,judith-the-scourge-diva,0,100,1,34,88,2.5,0.12,3,7,,6,1,5,1,12,0,0,19,2,13,0.19,0,5,8,0,0,0,0.0055
Nicht-cEDH,laelia-the-blade-reforged,0,100,3,45,93,3.56,0.02,3.3,,,0,0,0,0,2,16,0,11,3,11,0.27,1,5,,0,0,0,0
Nicht-cEDH,tazri-beacon-of-unity,0,100,1,35,49,3.26,0.07,2.6,,,1,0,0,1,5,3,2,9,1,17,0.14,0,5,,0,0,0,0
Nicht-cEDH,general-tazri,0,100,1,35,83,3.26,0.06,2.9,,,0,0,0,1,4,1,0,5,0,12,0.06,0,5,,0,0,0,0
Nicht-cEDH,morophon-the-boundless,0,100,1,36,81,3.25,0.07,2.9,,,1,0,0,2,10,1,1,8,1,20,0.1,1,5,,0,0,0,0
Nicht-cEDH,aurelia-the-warleader,0,100,1,36,86,3.42,0.08,3,6,,4,4,9,1,7,1,0,12,5,13,0.13,4,5,9,0,0.001,0.004,0.126
Nicht-cEDH,lovisa-coldeyes,0,100,1,36,92,3.27,0.05,3,,,0,0,0,0,11,0,0,7,2,15,0.07,1,5,,0,0,0,0
Nicht-cEDH,grand-warlord-radha,0,100,1,35,91,3.25,0.08,3,6,,8,8,8,1,9,1,0,7,1,21,0.08,1,5,8,0.005,0.0205,0.0405,0.267
Nicht-cEDH,atraxa-praetors-voice,0,100,3,36,78,2.81,0.08,3,,,2,0,0,0,14,1,1,11,3,16,0.13,4,5,,0,0,0,0
Nicht-cEDH,niv-mizzet-reborn,0,100,2,36,92,3.17,0.03,3.3,,,0,0,0,2,11,4,4,18,3,23,0.26,0,5,,0,0,0,0
Nicht-cEDH,omnath-locus-of-creation,0,100,1,38,84,3.37,0.06,2.9,,,21,0,0,0,11,0,1,6,1,36,0.07,3,5,,0,0,0,0
Nicht-cEDH,krark-the-thumbless,0,100,5,34,91,2.91,0.09,3.5,,,3,0,0,1,9,1,2,14,3,19,0.17,2,5,,0,0,0,0
Nicht-cEDH,baral-chief-of-compliance,0,100,1,34,100,2.8,0.12,3.1,,,0,0,0,2,18,7,28,6,1,9,0.41,6,5,,0,0,0,0
Nicht-cEDH,kaza-roil-chaser,0,100,1,35,89,3.2,0.04,3,,,4,0,0,1,18,2,7,17,4,15,0.26,0,5,,0,0,0,0
Nicht-cEDH,yenna-redtooth-regent,0,100,1,37,92,3.06,0.06,3,,,2,0,0,0,13,0,0,12,2,14,0.12,0,5,,0,0,0,0
Nicht-cEDH,tom-bombadil,0,100,1,36,72,3.33,0.05,2.8,,,1,0,0,1,22,1,0,13,2,25,0.14,0,5,,0,0,0,0
Nicht-cEDH,anikthea-hand-of-erebos,0,100,1,37,84,3.32,0.06,2.9,,,0,0,0,1,8,0,0,11,3,16,0.11,2,5,,0,0,0,0
Nicht-cEDH,calix-guided-by-fate,0,100,1,35,94,2.78,0.08,3,,,0,0,0,1,15,0,0,8,1,12,0.08,2,5,,0,0,0,0
Nicht-cEDH,go-shintai-of-lifes-origin,0,100,1,37,76,2.92,0.07,2.8,,,0,0,0,2,15,1,1,8,2,13,0.1,1,5,,0,0,0,0
Nicht-cEDH,satsuki-the-living-lore,0,100,1,36,92,3.02,0.05,3,,,0,0,0,0,11,1,0,11,0,17,0.12,0,5,,0,0,0,0
Nicht-cEDH,kaalia-of-the-vast,0,100,2,36,94,4.2,0.06,3.2,,,1,0,0,1,5,2,0,18,5,13,0.2,3,5,,0,0,0,0
Nicht-cEDH,isshin-two-heavens-as-one,0,100,1,36,92,3.16,0.07,3,,,0,0,0,0,8,2,0,12,5,15,0.14,1,5,,0,0,0,0
Nicht-cEDH,anim-pakal-thousandth-moon,0,100,1,38,89,2.73,0.09,3,,,0,0,0,0,10,1,0,13,3,6,0.14,0,5,,0,0,0,0
Nicht-cEDH,jirina-kudro,0,100,1,35,77,3.06,0.06,2.9,,,0,0,0,0,9,2,1,16,3,8,0.19,0,5,,0,0,0,0
Nicht-cEDH,adeline-resplendent-cathar,0,100,1,36,94,2.92,0.11,3,,,0,0,0,0,14,2,1,13,4,8,0.16,3,5,,0,0,0,0
Nicht-cEDH,ilharg-the-raze-boar,0,100,2,37,92,4.52,0.03,3.2,8,,2,2,10,0,10,3,1,13,3,13,0.17,1,5,7,0.001,0.0025,0.005,0.0295
Nicht-cEDH,eruth-tormented-prophet,0,100,6,32,94,2.21,0.16,3.4,7,,3,1,5,0,28,0,1,10,2,22,0.11,2,5,5,0,0.0005,0.001,0.0015
Nicht-cEDH,melek-izzet-paragon,0,100,2,35,91,2.86,0.13,3.2,,,0,0,0,1,17,2,3,12,3,12,0.17,3,5,,0,0,0,0
Nicht-cEDH,kalamax-the-stormsire,0,100,1,35,94,3.03,0.09,3,,,15,0,0,0,15,2,2,13,2,18,0.17,1,5,,0,0,0,0
Nicht-cEDH,niv-mizzet-parun,0,100,1,35,89,2.49,0.19,3,7,,8,8,3,2,28,3,7,14,3,10,0.24,6,5,8,0.0005,0.0085,0.025,0.3315
Nicht-cEDH,kyler-sigardian-emissary,0,100,1,35,86,3.06,0.1,2.9,,,0,0,0,0,6,0,0,8,2,12,0.08,0,5,,0,0,0,0
Nicht-cEDH,jazal-goldmane,0,100,1,36,89,2.89,0.11,3,,,0,0,0,0,15,1,0,9,3,11,0.1,1,5,,0,0,0,0
Nicht-cEDH,marwyn-the-nurturer,0,100,1,32,100,2.76,0.17,3,,,13,0,0,5,15,1,0,7,0,18,0.08,1,5,,0,0,0,0
Nicht-cEDH,ezuri-renegade-leader,0,100,3,34,97,2.68,0.16,3.3,,,13,0,0,5,9,0,0,5,0,19,0.05,1,5,,0,0,0,0
Nicht-cEDH,dwynen-gilt-leaf-daen,0,100,1,34,94,2.79,0.11,3,,,0,0,0,0,11,0,0,7,0,19,0.07,0,5,,0,0,0,0
Nicht-cEDH,the-mimeoplasm,0,100,1,35,94,3.4,0.06,3,,,0,0,0,3,8,0,2,8,2,11,0.1,1,5,,0,0,0,0
Nicht-cEDH,meren-of-clan-nel-toth,0,100,2,35,89,2.97,0.14,3.2,,,1,0,0,2,9,0,0,25,5,16,0.25,0,5,,0,0,0,0
Nicht-cEDH,karador-ghost-chieftain,0,100,1,36,83,2.75,0.14,2.9,9,,12,4,7,4,4,0,0,11,1,16,0.11,1,5,10,0,0,0,0.0025
Nicht-cEDH,yarok-the-desecrated,0,100,1,37,86,3.63,0.02,3,,,8,0,0,0,12,0,1,9,3,24,0.1,3,5,,0,0,0,0
Nicht-cEDH,izoni-thousand-eyed,0,100,1,35,83,2.89,0.11,2.9,,,0,0,0,0,5,0,0,13,1,16,0.13,0,5,,0,0,0,0
Nicht-cEDH,old-rutstein,0,100,1,37,86,3,0.08,3,,,0,0,0,0,6,0,0,9,2,19,0.09,0,5,,0,0,0,0
Nicht-cEDH,wilhelt-the-rotcleaver,0,100,2,35,86,3.05,0.1,3.1,,,12,0,0,1,8,1,3,11,5,9,0.15,1,5,,0,0,0,0
Nicht-cEDH,vorel-of-the-hull-clade,0,100,4,35,86,2.83,0.08,3.2,8,,3,1,2,0,11,0,2,4,1,18,0.06,2,5,9,0.0005,0.001,0.0045,0.0655
Nicht-cEDH,ezuri-claw-of-progress,0,100,2,35,89,2.69,0.09,3.1,6,,2,2,2,0,11,0,2,7,2,19,0.09,1,5,7,0.008,0.02,0.0315,0.12
Nicht-cEDH,roalesk-apex-hybrid,0,100,4,35,89,2.89,0.04,3.2,,,0,0,0,0,11,0,2,3,0,16,0.05,0,5,,0,0,0,0
Nicht-cEDH,volrath-the-shapestealer,0,100,2,36,92,3.13,0.03,3.1,,,3,0,0,0,13,1,4,17,4,15,0.22,0,5,,0,0,0,0
Nicht-cEDH,zegana-utopian-speaker,0,100,2,36,89,2.8,0.06,3.1,,,0,0,0,0,16,0,5,6,1,17,0.11,0,5,,0,0,0,0
Nicht-cEDH,zaxara-the-exemplary,0,100,1,35,91,2.35,0.12,3,,,4,0,0,0,13,3,5,9,0,14,0.17,0,5,,0,0,0,0
Nicht-cEDH,harald-king-of-skemfar,0,100,1,34,85,2.95,0.09,2.9,,,0,0,0,3,9,0,0,10,2,19,0.1,1,5,,0,0,0,0
Nicht-cEDH,rhys-the-exiled,0,100,1,36,89,3.05,0.08,3,,,0,0,0,1,12,0,0,9,3,16,0.09,1,5,,0,0,0,0
Nicht-cEDH,nath-of-the-gilt-leaf,0,100,2,33,88,2.73,0.1,3.1,,,1,0,0,2,11,0,0,10,2,18,0.1,2,5,,0,0,0,0
Nicht-cEDH,tyvar-the-bellicose,0,100,3,32,88,3.03,0.07,3,,,12,0,0,1,11,0,0,8,2,27,0.08,1,5,,0,0,0,0
Nicht-cEDH,miara-thorn-of-the-glade,0,100,1,38,97,3.03,0.13,3.1,,,0,0,0,0,8,0,0,19,3,5,0.19,0,5,,0,0,0,0
Nicht-cEDH,wort-the-raidmother,0,100,2,35,94,2.85,0.06,3.2,,,0,0,0,0,13,1,0,6,0,28,0.07,1,5,,0,0,0,0
Nicht-cEDH,grumgully-the-generous,0,100,2,35,89,3.18,0.06,3.1,,,9,0,0,0,8,0,0,12,1,18,0.12,0,5,,0,0,0,0
Nicht-cEDH,krenko-mob-boss,0,100,1,34,94,2.61,0.12,3,,,6,0,0,1,6,0,0,16,2,7,0.16,0,5,,0,0,0,0
Nicht-cEDH,krenko-tin-street-kingpin,0,100,1,35,94,2.37,0.16,3,6,,2,2,10,1,5,0,0,15,2,9,0.15,0,5,7,0.002,0.0125,0.018,0.0565
Nicht-cEDH,squee-the-immortal,0,100,3,35,94,2.78,0.09,3.3,,,0,0,0,1,10,2,0,17,2,16,0.19,2,5,,0,0,0,0
Nicht-cEDH,squee-goblin-nabob,0,100,2,38,92,2.74,0.09,3.1,,,2,0,0,2,27,1,0,13,3,20,0.14,1,5,,0,0,0,0
Nicht-cEDH,ib-halfheart-goblin-tactician,0,100,1,36,92,2.84,0.08,3,21,,1,1,1,1,3,0,0,17,2,8,0.17,0,5,,0,0,0,0
Nicht-cEDH,muxus-goblin-grandee,0,100,2,33,94,2.72,0.12,3.2,,,0,0,0,2,6,0,0,17,3,12,0.17,2,5,,0,0,0,0
Nicht-cEDH,purphoros-god-of-the-forge,0,100,2,35,94,2.98,0.09,3.2,,,0,0,0,1,6,1,0,11,3,15,0.12,1,5,,0,0,0,0
Nicht-cEDH,mahadi-emporium-master,0,100,2,34,88,2.77,0.11,3.2,9,,3,2,1,1,10,0,0,21,4,19,0.21,0,5,8,0.001,0.0035,0.0125,0.081
Nicht-cEDH,garna-bloodfist-of-keld,0,100,1,35,86,2.51,0.14,2.9,,,2,0,0,1,9,0,0,16,2,11,0.16,0,5,,0,0,0,0
Nicht-cEDH,lagomos-hand-of-hatred,0,100,2,36,89,2.42,0.13,3.2,,,1,0,0,1,13,0,0,22,2,13,0.22,0,5,,0,0,0,0
Nicht-cEDH,shagrat-loot-bearer,0,100,2,36,92,2.59,0.1,3.2,,,0,0,0,0,5,0,0,12,3,11,0.12,1,5,,0,0,0,0
Nicht-cEDH,gothmog-morgul-lieutenant,0,100,2,35,94,2.98,0.1,3.2,,,0,0,0,0,14,0,0,10,1,9,0.1,1,5,,0,0,0,0
Nicht-cEDH,gorbag-of-minas-morgul,0,100,2,36,92,2.36,0.17,3.2,,,0,0,0,1,8,0,0,12,0,10,0.12,0,5,,0,0,0,0
Nicht-cEDH,grishnakh-brash-instigator,0,100,2,37,100,3.32,0.07,3.3,20,,2,1,2,0,9,1,1,17,2,11,0.19,0,5,,0,0,0,0
Nicht-cEDH,kresh-the-bloodbraided,0,100,1,35,97,3.38,0.07,3.1,,,0,0,0,1,9,1,0,22,3,14,0.23,0,5,,0,0,0,0
Nicht-cEDH,alesha-who-smiles-at-death,0,100,1,36,94,2.69,0.12,3,7,,10,3,7,2,14,0,0,15,2,10,0.15,0,5,9,0,0,0,0.013
Nicht-cEDH,chainer-nightmare-adept,0,100,2,37,89,3.44,0.07,3.2,,,0,0,0,2,16,1,0,19,4,12,0.2,0,5,,0,0,0,0
Nicht-cEDH,feldon-of-the-third-path,0,100,1,36,92,3.89,0.06,3,,,1,0,0,2,23,1,1,14,3,12,0.16,2,5,,0,0,0,0
Nicht-cEDH,shirei-shizos-caretaker,0,100,2,34,97,2.27,0.17,3.2,,,0,0,0,0,17,0,0,13,0,14,0.13,0,5,,0,0,0,0
Nicht-cEDH,marchesa-the-black-rose,0,100,1,37,95,2.95,0.08,3,14,,5,1,6,0,14,1,5,11,3,14,0.17,0,5,9,0,0,0,0.0005
Nicht-cEDH,dragonlord-kolaghan,0,100,2,35,89,3.86,0.06,3.2,,,0,0,0,0,8,1,0,17,4,23,0.18,1,5,,0,0,0,0
Nicht-cEDH,kolaghan-the-storms-fury,0,100,2,37,86,3.46,0.07,3.1,,,1,0,0,0,9,1,0,17,4,18,0.18,0,5,,0,0,0,0
Nicht-cEDH,the-ur-dragon,0,100,3,35,91,4.34,0.05,3.5,9,,2,2,6,2,8,1,1,9,4,23,0.11,5,5,9,0,0,0,0.0275
Nicht-cEDH,scion-of-the-ur-dragon,0,100,5,34,97,3.62,0.16,3.5,9,,2,2,6,3,7,3,2,11,5,28,0.16,7,5,9,0,0.001,0.002,0.054
Nicht-cEDH,karrthus-tyrant-of-jund,0,100,1,35,94,4.31,0.04,3,20,,1,1,8,0,8,2,0,14,5,22,0.16,0,5,,0,0,0,0
Nicht-cEDH,samut-vizier-of-naktamun,0,100,1,35,97,2.89,0.12,3.1,,,0,0,0,0,7,1,0,10,1,18,0.11,0,5,,0,0,0,0
Nicht-cEDH,henzie-toolbox-torre,1,99,1,35,97,3.98,0.09090909090909091,3.1,,,0,0,0,0,9,3,0,18,5,19,0.21212121212121213,0,5,,0,0,0,0
Nicht-cEDH,vazi-keen-negotiator,0,100,1,35,97,3.68,0.04,3.1,11,,3,3,1,0,12,2,0,9,3,38,0.11,0,5,8,0,0.0005,0.001,0.041
Nicht-cEDH,sekkuar-deathkeeper,0,100,1,34,94,2.61,0.13,3,7,,23,2,5,0,11,0,0,12,2,19,0.12,0,5,7.5,0.0005,0.0005,0.0005,0.006
Nicht-cEDH,shattergang-brothers,0,100,1,35,91,2.8,0.07,3,7,,10,2,5,3,8,0,0,13,1,19,0.13,1,5,9,0,0.0005,0.002,0.0325
Nicht-cEDH,prossh-skyraider-of-kher,0,100,2,35,94,2.78,0.11,3.2,19,,12,1,5,1,9,0,0,11,2,23,0.11,1,5,,0,0,0,0
Nicht-cEDH,vaevictis-asmadi-the-dire,0,100,1,35,94,3.77,0.07,3,,,0,0,0,1,8,2,0,12,0,26,0.14,1,5,,0,0,0,0
Nicht-cEDH,lathliss-dragon-queen,0,100,2,37,92,3.92,0.07,3.2,,,0,0,0,0,7,3,0,18,6,18,0.21,1,5,,0,0,0,0
Nicht-cEDH,atsushi-the-blazing-sky,0,100,2,36,94,3.27,0.06,3.2,10,,5,3,1,2,11,3,1,7,2,25,0.11,1,5,9,0,0.0005,0.0015,0.0275
Nicht-cEDH,mangara-the-diplomat,0,100,1,36,92,3.06,0.13,3,,,0,0,0,1,16,1,2,17,5,18,0.2,4,5,,0,0,0,0
Nicht-cEDH,kraum-ludevics-opus,0,100,2,38,92,2.74,0.15,3.1,7,,1,1,3,3,19,3,4,7,2,19,0.14,4,5,8,0.001,0.005,0.0095,0.122
Nicht-cEDH,lotho-corrupt-shirriff,0,100,6,33,97,2.22,0.16,3.7,,,1,0,0,7,15,3,2,9,2,21,0.14,11,5,,0,0,0,0
Nicht-cEDH,gavi-nest-warden,0,100,1,37,59,3.43,0.04,2.7,,,0,0,0,0,56,0,6,11,5,12,0.17,0,5,,0,0,0,0
Nicht-cEDH,kotori-pilot-prodigy,0,100,2,35,91,3.23,0.06,3.1,,,0,0,0,0,14,0,2,9,1,12,0.11,0,5,,0,0,0,0
Nicht-cEDH,katsumasa-the-animator,0,100,1,35,100,3.18,0.06,3.1,,,0,0,0,0,18,1,3,6,1,9,0.1,0,5,,0,0,0,0
Nicht-cEDH,greasefang-okiba-boss,0,100,1,36,86,3.08,0.11,3,,,0,0,0,3,13,0,0,14,1,10,0.14,0,5,,0,0,0,0
Nicht-cEDH,sram-senior-edificer,0,100,2,33,94,2.09,0.27,3.1,,,0,0,0,1,7,0,0,8,2,9,0.08,2,5,,0,0,0,0
Nicht-cEDH,brago-king-eternal,0,100,1,34,91,3.09,0.08,3,,,8,0,0,0,16,3,6,11,3,12,0.2,2,5,,0,0,0,0
Nicht-cEDH,yorion-sky-nomad,0,100,1,36,89,3.23,0.06,3,,,6,0,0,0,17,1,4,16,4,11,0.21,1,5,,0,0,0,0
Nicht-cEDH,chulane-teller-of-tales,0,100,1,35,86,2.6,0.16,2.9,,,8,0,0,3,11,2,5,7,1,25,0.14,4,5,,0,0,0,0
Nicht-cEDH,roon-of-the-hidden-realm,0,100,1,35,94,3.38,0.05,3,,,10,0,0,1,12,1,2,12,1,15,0.15,4,5,,0,0,0,0
Nicht-cEDH,ranar-the-ever-watchful,0,100,1,36,81,3.44,0.05,2.9,,,3,0,0,0,13,1,1,10,2,12,0.12,0,5,,0,0,0,0
Nicht-cEDH,raff-capashen-ships-mage,0,100,2,35,86,3.12,0.06,3,,,0,0,0,0,17,0,7,15,6,20,0.22,5,5,,0,0,0,0
Nicht-cEDH,talrand-sky-summoner,0,100,1,35,94,2.58,0.17,3,,,1,0,0,0,22,4,13,11,2,7,0.28,2,5,,0,0,0,0
Nicht-cEDH,jolrael-mwonvuli-recluse,0,100,1,36,89,3.23,0.05,3,,,0,0,0,0,46,0,0,11,1,18,0.11,0,5,,0,0,0,0
Nicht-cEDH,the-locust-god,0,100,1,37,92,2.89,0.13,3,,,4,0,0,0,37,2,6,10,3,9,0.18,4,5,,0,0,0,0
Nicht-cEDH,orvar-the-all-form,0,100,1,33,97,2.61,0.24,3,,,18,0,0,3,24,3,5,8,2,12,0.16,3,5,,0,0,0,0
Nicht-cEDH,toothy-imaginary-friend,0,100,1,35,97,2.68,0.15,3.1,,,0,0,0,0,35,2,6,6,3,10,0.14,5,5,,0,0,0,0
Nicht-cEDH,meloku-the-clouded-mirror,0,100,1,38,89,2.81,0.13,3,,,17,0,0,0,17,0,7,12,2,19,0.19,2,5,,0,0,0,0
Nicht-cEDH,ojer-taq-deepest-foundation,0,100,1,37,92,3.29,0.1,3,,,0,0,0,0,14,2,0,10,6,6,0.12,2,5,,0,0,0,0
Nicht-cEDH,rhys-the-redeemed,0,100,1,37,92,3.06,0.12,3,,,0,0,0,0,7,0,0,9,2,19,0.09,3,5,,0,0,0,0
Nicht-cEDH,myrel-shield-of-argive,0,100,1,37,92,3.22,0.06,3,,,0,0,0,0,10,2,1,10,3,6,0.13,3,5,,0,0,0,0
Nicht-cEDH,prava-of-the-steel-legion,0,100,1,36,94,3.03,0.06,3,,,0,0,0,0,11,2,1,14,5,11,0.17,0,5,,0,0,0,0
Nicht-cEDH,darien-king-of-kjeldor,0,100,1,36,92,2.89,0.15,3,,,5,0,0,0,10,1,0,10,5,8,0.11,3,5,,0,0,0,0
Nicht-cEDH,kess-dissident-mage,0,100,3,34,94,2.36,0.18,3.5,,,2,0,0,4,17,2,6,10,4,16,0.18,11,5,,0,0,0,0
Nicht-cEDH,cecily-haunted-mage,0,100,2,34,94,3.85,0.09,3.2,,,3,0,0,0,22,8,4,12,3,13,0.24,1,5,,0,0,0,0
Nicht-cEDH,cormela-glamour-thief,0,100,3,37,95,3.08,0.11,3.5,,,6,0,0,2,16,6,7,11,3,19,0.24,4,5,,0,0,0,0
Nicht-cEDH,anhelo-the-painter,0,100,2,35,89,3.32,0.07,3.2,,,0,0,0,1,13,3,3,16,3,15,0.22,1,5,,0,0,0,0
Nicht-cEDH,zevlor-elturel-exile,0,100,2,35,94,3.25,0.09,3.1,,,0,0,0,0,11,6,2,18,2,16,0.26,1,5,,0,0,0,0
Nicht-cEDH,admiral-beckett-brass,0,100,1,37,92,3.21,0.05,3,19,,1,1,1,1,10,2,5,8,3,19,0.15,0,5,9,0,0,0,0.0335
Nicht-cEDH,ramirez-depietro-pillager,0,100,1,37,89,2.7,0.1,3,,,0,0,0,1,16,3,7,10,2,22,0.2,0,5,,0,0,0,0
Nicht-cEDH,breeches-brazen-plunderer,0,100,3,36,94,2.34,0.22,3.2,,,0,0,0,0,14,2,2,13,2,13,0.17,0,5,,0,0,0,0
Nicht-cEDH,malcolm-keen-eyed-navigator,0,100,1,38,95,2.98,0.1,3,,,0,0,0,0,21,2,7,8,2,19,0.17,0,5,,0,0,0,0
Nicht-cEDH,pia-nalaar-consul-of-revival,0,100,1,35,86,3.02,0.05,2.9,,,0,0,0,0,4,7,0,11,2,15,0.18,1,5,,0,0,0,0
Nicht-cEDH,kalain-reclusive-painter,0,100,1,36,89,3.28,0.07,3,19,,1,1,1,1,11,2,0,11,2,45,0.13,0,5,9,0,0.0005,0.001,0.0355
Nicht-cEDH,rocco-street-chef,0,100,2,36,92,3.06,0.06,3.1,,,3,0,0,0,7,5,0,10,3,22,0.15,1,5,,0,0,0,0
Nicht-cEDH,pako-arcane-retriever,0,100,1,38,95,2.66,0.14,3,,,0,0,0,0,9,1,0,9,1,17,0.1,0,5,,0,0,0,0
Nicht-cEDH,xanathar-guild-kingpin,0,100,2,36,89,2.92,0.13,3.2,,,0,0,0,1,11,10,8,7,2,13,0.25,2,5,,0,0,0,0
Nicht-cEDH,sen-triplets,0,100,2,35,94,2.8,0.09,3.2,,,0,0,0,2,12,6,10,9,5,17,0.25,10,5,,0,0,0,0
Nicht-cEDH,wrexial-the-risen-deep,0,100,2,37,92,3.29,0.07,3.2,7,,6,6,5,0,12,4,7,6,3,9,0.17,2,5,8.5,0,0.0005,0.0015,0.032
Nicht-cEDH,captain-nghathrod,0,100,2,36,86,3.23,0.07,3.1,3,3,3,3,5,0,9,2,6,9,3,7,0.17,1,5,6,0.004,0.007,0.01,0.021
Nicht-cEDH,kydele-chosen-of-kruphix,0,100,1,34,91,3.32,0.11,3,,,2,0,0,0,30,0,3,7,2,25,0.1,3,5,,0,0,0,0
Nicht-cEDH,zimone-quandrix-prodigy,0,100,1,40,90,3.15,0.03,3,,,0,0,0,0,17,0,5,5,0,39,0.1,1,5,,0,0,0,0
Nicht-cEDH,tatyova-benthic-druid,0,100,1,38,92,2.87,0.08,3,,,2,0,0,0,8,1,4,4,1,40,0.09,2,5,,0,0,0,0
Nicht-cEDH,aesi-tyrant-of-gyre-strait,0,100,1,40,93,3.33,0.05,3,,,6,0,0,0,10,0,3,6,3,33,0.09,2,5,,0,0,0,0
Nicht-cEDH,goreclaw-terror-of-qal-sisma,0,100,2,36,97,4.13,0.06,3.2,,,0,0,0,0,18,4,0,7,0,22,0.11,0,5,,0,0,0,0
Nicht-cEDH,ghalta-primal-hunger,0,100,2,36,94,3.69,0.08,3.2,,,0,0,0,0,15,3,0,5,0,22,0.08,0,5,,0,0,0,0
Nicht-cEDH,omnath-locus-of-mana,0,100,2,36,97,3.48,0.12,3.2,,,0,0,0,1,8,2,0,5,0,38,0.07,2,5,,0,0,0,0
Nicht-cEDH,yisan-the-wanderer-bard,0,100,2,36,100,2.41,0.22,3.2,,,30,0,0,4,5,0,0,10,0,18,0.1,7,5,,0,0,0,0
Nicht-cEDH,azusa-lost-but-seeking,0,100,1,43,100,3.53,0.09,3.1,,,1,0,0,2,11,0,0,4,0,24,0.04,2,5,,0,0,0,0
Nicht-cEDH,arixmethes-slumbering-isle,0,100,1,40,88,4.3,0.03,3,,,3,0,0,0,15,4,3,10,6,20,0.17,1,5,,0,0,0,0
Nicht-cEDH,mayael-the-anima,0,100,2,36,92,4.61,0.06,3.2,,,0,0,0,1,8,3,0,10,0,22,0.13,2,5,,0,0,0,0
Nicht-cEDH,roxanne-starfall-savant,0,100,1,35,94,3.22,0.08,3,10,,2,2,10,0,5,2,0,8,1,27,0.1,0,5,9.5,0,0,0.0005,0.005
Nicht-cEDH,hans-eriksson,0,100,1,36,89,4.19,0.07,3,13,,1,1,1,1,8,3,0,10,1,12,0.13,1,5,,0,0,0,0
Nicht-cEDH,jodah-archmage-eternal,0,100,3,36,89,5.17,0.04,3.4,,,0,0,0,1,9,12,1,11,4,27,0.24,4,5,,0,0,0,0
Nicht-cEDH,rukarumel-biologist,0,100,1,36,83,3.08,0.06,2.9,,,4,0,0,1,7,2,1,7,0,15,0.1,0,5,,0,0,0,0
Nicht-cEDH,reki-the-history-of-kamigawa,0,100,2,37,95,3.56,0.05,3.1,,,0,0,0,0,11,2,0,9,0,28,0.11,0,5,,0,0,0,0
Nicht-cEDH,kolvori-god-of-kinship,0,100,1,37,97,3.7,0.05,3.1,,,0,0,0,0,16,2,0,9,0,25,0.11,0,5,,0,0,0,0
Nicht-cEDH,garth-one-eye,0,100,1,35,91,2.78,0.14,3,,,14,0,0,4,9,2,2,6,3,29,0.1,8,5,,0,0,0,0
Nicht-cEDH,jared-carthalion,0,100,3,36,64,3.88,0.04,3.4,,,0,0,0,1,20,5,0,15,4,24,0.2,0,5,,0,0,0,0
Nicht-cEDH,cromat,0,100,1,37,73,3.38,0.05,2.8,,,0,0,0,3,14,1,1,12,2,21,0.14,5,5,,0,0,0,0
Nicht-cEDH,ramos-dragon-engine,0,100,3,36,67,3.8,0.05,3.4,,,0,0,0,1,17,6,1,14,1,24,0.21,1,5,,0,0,0,0
Nicht-cEDH,ratadrabik-of-urborg,0,100,2,37,95,2.86,0.08,3.2,8,,14,2,7,1,11,0,1,11,2,14,0.12,2,5,9,0,0.0015,0.003,0.0545
Nicht-cEDH,dihada-binder-of-wills,0,100,3,35,91,3.18,0.1,3.3,,,2,0,0,2,10,4,1,14,2,19,0.19,4,5,,0,0,0,0
Nicht-cEDH,cadric-soul-kindler,0,100,1,36,92,3.38,0.05,3,,,0,0,0,2,9,3,1,16,4,16,0.2,3,5,,0,0,0,0
Nicht-cEDH,magnus-the-red,0,100,2,34,91,3.26,0.06,3.2,,,6,0,0,0,14,1,5,11,2,14,0.17,2,5,,0,0,0,0
Nicht-cEDH,jhoira-weatherlight-captain,0,100,7,31,100,2.09,0.24,3.5,6,10,26,3,11,1,16,4,4,9,4,19,0.17,6,5,7,0,0.0005,0.002,0.008
Nicht-cEDH,saheeli-the-gifted,0,100,2,36,92,3.95,0.04,3.1,,,0,0,0,0,16,1,3,6,3,16,0.1,1,5,,0,0,0,0
Nicht-cEDH,torbran-thane-of-red-fell,0,100,3,34,91,2.74,0.11,3.3,9,,2,2,3,0,8,0,0,21,10,10,0.21,1,5,8,0,0.0005,0.0005,0.0045
Nicht-cEDH,ojer-axonil-deepest-might,0,100,3,36,97,2.56,0.13,3.3,9,,1,1,2,0,5,1,0,20,7,12,0.21,1,5,9,0.0005,0.0055,0.009,0.0725
Nicht-cEDH,solphim-mayhem-dominus,0,100,2,35,91,3.05,0.08,3.2,9,,6,5,6,1,10,2,0,17,7,12,0.19,2,5,9,0.0005,0.0045,0.009,0.109
Precon,Animated Army,0,100,1,38,74,4.02,0.01,2.8,,,1,0,0,0,15,6,0,11,2,28,0.17,0,5,,0,0,0,0
Precon,Family Matters,0,100,1,38,79,3.55,0.04,2.9,7,,1,1,5,0,16,0,0,16,6,13,0.16,0,5,9,0,0,0,0.014
Precon,Peace Offering,0,100,1,38,82,3.23,0.05,2.9,,,0,0,0,0,23,2,2,8,3,15,0.12,0,5,,0,0,0,0
Precon,Squirreled Away,0,100,1,38,74,3.32,0.07,2.8,,,0,0,0,0,16,0,0,16,2,12,0.16,0,5,,0,0,0,0
Precon,Eldrazi Unbound,0,100,2,38,92,4.61,0.06,3.1,,,0,0,0,0,15,2,3,21,5,19,0.26,0,5,,0,0,0,0
Precon,Enduring Enchantments,0,100,1,37,70,3.63,0.03,2.8,,,0,0,0,0,12,0,0,12,4,17,0.12,0,5,,0,0,0,0
Precon,Planeswalker Party,0,100,1,38,79,3.52,0.04,2.9,,,0,0,0,0,8,3,0,16,6,18,0.19,1,5,,0,0,0,0
Precon,Sliver Swarm,0,100,1,36,58,3.11,0.04,2.7,,,0,0,0,0,11,0,0,9,3,10,0.09,0,5,,0,0,0,0
Precon,Eternal Might,0,100,1,39,74,3.49,0.04,2.8,,,0,0,0,1,20,0,0,11,4,8,0.11,0,5,,0,0,0,0
Precon,Living Energy,0,100,1,38,79,3.68,0.04,2.9,12,,4,3,9,0,17,2,2,9,4,14,0.13,0,5,,0,0,0,0
Precon,Death Toll,0,100,1,38,79,3.5,0.05,2.9,,,0,0,0,0,11,1,0,12,2,16,0.13,0,5,,0,0,0,0
Precon,Endless Punishment,0,100,1,38,82,3.5,0.03,2.9,,,0,0,0,0,14,2,0,23,4,10,0.25,0,5,,0,0,0,0
Precon,Jump Scare!,0,100,1,38,79,4.21,0.01,2.9,,,2,0,0,0,9,3,2,9,3,19,0.14,0,5,,0,0,0,0
Precon,Miracle Worker,0,100,1,37,68,4.1,0.07,2.8,,,1,0,0,0,15,2,1,12,3,11,0.15,0,5,,0,0,0,0
Precon,Blight Curse,0,100,1,38,82,3.61,0.03,2.9,,,2,0,0,0,21,1,0,28,7,11,0.29,0,5,,0,0,0,0
Precon,Dance of the Elements,0,100,1,39,62,4.18,0.04,2.7,,,0,0,0,0,11,3,0,14,3,17,0.17,0,5,,0,0,0,0
Precon,Counter Intelligence,0,100,3,40,73,3.33,0.08,3,,,0,0,0,0,15,2,1,9,3,8,0.12,0,5,,0,0,0,0
Precon,World Shaper,0,100,1,42,81,3.52,0.04,2.9,,,1,0,0,0,13,0,0,18,3,22,0.18,0,5,,0,0,0,0
Precon,Counter Blitz (FINAL FANTASY X),0,100,3,37,70,3.03,0.07,3,7,,1,1,2,0,11,2,2,15,4,13,0.19,1,5,8,0,0,0,0.0005
Precon,Counter Blitz Collector's Edition (FINAL FANTASY X),0,100,3,37,70,3.03,0.07,3,7,,1,1,2,0,11,2,2,15,4,13,0.19,1,5,9,0,0,0,0.0005
Precon,Limit Break (FINAL FANTASY VII),0,100,1,37,78,3.08,0.07,2.9,,,0,0,0,0,11,0,0,9,5,12,0.09,0,5,,0,0,0,0
Precon,Limit Break Collector's Edition (FINAL FANTASY VII),0,100,1,37,78,3.08,0.07,2.9,,,0,0,0,0,11,0,0,9,5,12,0.09,0,5,,0,0,0,0
Precon,Revival Trance (FINAL FANTASY VI),0,100,1,37,78,3.73,0.05,2.9,,,0,0,0,0,19,2,0,14,3,16,0.16,0,5,,0,0,0,0
Precon,Revival Trance Collector's Edition (FINAL FANTASY VI),0,100,1,37,78,3.73,0.05,2.9,,,0,0,0,0,19,2,0,14,3,16,0.16,0,5,,0,0,0,0
Precon,Scions & Spellcraft (FINAL FANTASY XIV),0,100,1,37,78,3.38,0.03,2.9,,,0,0,0,0,17,2,2,15,3,11,0.19,0,5,,0,0,0,0
Precon,Scions & Spellcraft Collector's Edition (FINAL FANTASY XIV),0,100,1,37,78,3.38,0.03,2.9,,,0,0,0,0,17,2,2,15,3,11,0.19,0,5,,0,0,0,0
Precon,Ahoy Mateys,0,100,1,37,76,3.32,0.05,2.8,,,0,0,0,0,17,1,1,12,3,18,0.14,0,5,,0,0,0,0
Precon,Blood Rites,0,100,2,37,81,3.14,0.08,3.1,,,0,0,0,0,12,1,0,10,3,10,0.11,0,5,,0,0,0,0
Precon,Explorers of the Deep,0,100,1,36,81,3.13,0.04,2.9,,,0,0,0,0,18,1,2,10,2,10,0.13,0,5,,0,0,0,0
Precon,Veloci-Ramp-Tor,0,100,1,39,74,4.08,0.03,2.8,31,,1,1,2,0,10,5,0,16,4,16,0.21,0,5,,0,0,0,0
Precon,Elven Council,0,100,1,38,87,3.31,0.09,3,,,0,0,0,0,20,1,2,11,2,18,0.14,0,5,,0,0,0,0
Precon,Food and Fellowship,0,100,1,38,76,3.26,0.06,2.9,,,0,0,0,3,13,1,0,12,4,14,0.13,0,5,,0,0,0,0
Precon,Riders of Rohan,0,100,1,38,84,3.34,0.06,2.9,,,1,0,0,0,18,1,1,12,2,9,0.14,0,5,,0,0,0,0
Precon,The Hosts of Mordor,0,100,2,38,87,4.16,0.05,3,,,0,0,0,0,18,3,1,16,5,12,0.2,1,5,,0,0,0,0
Precon,Creative Energy,0,100,1,38,76,3.85,0.04,2.9,9,,9,2,9,0,13,1,0,9,4,16,0.1,1,5,9,0,0.0005,0.001,0.07
Precon,Creative Energy Collector's Edition,0,100,1,38,76,3.85,0.04,2.9,9,,9,2,9,0,13,1,0,9,4,16,0.1,1,5,9,0,0.0005,0.001,0.07
Precon,Eldrazi Incursion,0,100,2,38,89,4.44,0.05,3.1,,,0,0,0,0,14,1,2,18,3,23,0.21,0,5,,0,0,0,0
Precon,Eldrazi Incursion Collector's Edition,0,100,2,38,89,4.44,0.05,3.1,,,0,0,0,0,14,1,2,18,3,23,0.21,0,5,,0,0,0,0
Precon,Graveyard Overdrive,0,100,1,38,71,3.68,0.05,2.8,,,0,0,0,0,12,2,0,18,4,12,0.2,0,5,,0,0,0,0
Precon,Graveyard Overdrive Collector's Edition,0,100,1,38,71,3.68,0.05,2.8,,,0,0,0,0,12,2,0,18,4,12,0.2,0,5,,0,0,0,0
Precon,Tricky Terrain,0,100,1,44,66,3.55,0.04,2.7,,,0,0,0,0,16,3,2,11,3,20,0.16,0,5,,0,0,0,0
Precon,Tricky Terrain Collector's Edition,0,100,1,44,66,3.55,0.04,2.7,,,0,0,0,0,16,3,2,11,3,20,0.16,0,5,,0,0,0,0
Precon,Blame Game,0,100,1,37,86,3.65,0.05,3,,,0,0,0,0,12,1,0,17,5,13,0.18,0,5,,0,0,0,0
Precon,Deadly Disguise,0,100,1,37,59,3.81,0.05,2.7,,,0,0,0,0,12,1,0,12,4,11,0.13,2,5,,0,0,0,0
Precon,Deep Clue Sea,0,100,1,37,62,3.7,0.03,2.7,,,0,0,0,0,34,0,1,5,3,12,0.06,1,5,,0,0,0,0
Precon,Revenant Recon,0,100,2,37,84,3.49,0.08,3,,,0,0,0,0,17,4,1,13,3,7,0.18,0,5,,0,0,0,0
Precon,Call for Backup,0,100,2,38,68,3.58,0.03,2.9,,,0,0,0,0,5,1,0,11,1,14,0.12,0,5,,0,0,0,0
Precon,Cavalry Charge,0,100,1,39,67,3.34,0.04,2.8,,,0,0,0,0,18,0,0,11,3,10,0.11,0,5,,0,0,0,0
Precon,Divine Convocation,0,100,1,39,82,3.74,0.04,2.9,,,0,0,0,0,12,1,1,14,3,9,0.16,0,5,,0,0,0,0
Precon,Growing Threat,0,100,1,38,84,4.1,0.03,2.9,,,0,0,0,0,10,0,0,17,4,14,0.17,0,5,,0,0,0,0
Precon,Tinker Time,0,100,1,38,74,3.84,0.04,2.8,,,0,0,0,0,10,2,1,12,3,23,0.15,0,5,,0,0,0,0
Precon,Avengers Assemble,0,100,1,38,79,3.35,0.02,2.9,,,0,0,0,0,17,2,1,10,4,10,0.13,0,5,,0,0,0,0
Precon,Avengers Assemble Collector's Edition,0,100,1,38,79,3.35,0.02,2.9,,,0,0,0,0,17,2,1,10,4,10,0.13,0,5,,0,0,0,0
Precon,Doom Prevails,0,100,1,37,78,3.65,0.04,2.9,,,0,0,0,0,21,5,0,14,4,12,0.19,0,5,,0,0,0,0
Precon,Doom Prevails Collector's Edition,0,100,1,37,78,3.65,0.04,2.9,,,0,0,0,0,21,5,0,14,4,12,0.19,0,5,,0,0,0,0
Precon,The Fantastic Four,0,100,1,37,97,3.68,0.02,3.1,,,0,0,0,0,12,10,0,14,5,14,0.24,0,5,,0,0,0,0
Precon,The Fantastic Four Collector's Edition,0,100,1,37,97,3.68,0.02,3.1,,,0,0,0,0,12,10,0,14,5,14,0.24,0,5,,0,0,0,0
Precon,Wakanda Forever,0,100,1,38,92,3.82,0.03,3,,,0,0,0,0,23,0,0,14,3,13,0.14,0,5,,0,0,0,0
Precon,Wakanda Forever Collector's Edition,0,100,1,38,92,3.82,0.03,3,,,0,0,0,0,23,0,0,14,3,13,0.14,0,5,,0,0,0,0
Precon,Corrupting Influence,0,100,1,38,71,3.27,0.04,2.8,,,0,0,0,0,9,0,0,13,5,14,0.13,0,5,,0,0,0,0
Precon,Rebellion Rising,0,100,1,38,79,3.39,0.04,2.9,,,0,0,0,0,13,2,0,11,4,10,0.13,0,5,,0,0,0,0
Precon,Desert Bloom,0,100,1,40,70,3.65,0.05,2.8,,,0,0,0,0,13,0,0,12,3,21,0.12,0,5,,0,0,0,0
Precon,Grand Larceny,0,100,1,38,84,3.6,0.03,2.9,,,0,0,0,1,7,11,2,9,2,14,0.22,0,5,,0,0,0,0
Precon,Most Wanted,0,100,1,37,81,3.27,0.04,2.9,,,0,0,0,0,17,1,0,13,1,19,0.14,0,5,,0,0,0,0
Precon,Quick Draw,0,100,1,38,92,3.27,0.09,3,,,0,0,0,0,20,11,1,7,2,9,0.19,0,5,,0,0,0,0
Precon,Hail, Caesar,0,100,1,36,75,3.25,0.04,2.8,,,0,0,0,0,12,2,0,15,5,14,0.17,0,5,,0,0,0,0
Precon,Mutant Menace,0,100,1,39,82,3.56,0.02,2.9,,,0,0,0,0,13,0,0,8,2,11,0.08,0,5,,0,0,0,0
Precon,Science!,0,100,2,37,76,3.24,0.05,2.9,17,,1,1,1,0,16,1,1,11,1,16,0.13,0,5,,0,0,0,0
Precon,Scrappy Survivors,0,100,1,38,82,2.82,0.11,2.9,,,0,0,0,0,11,1,0,9,3,13,0.1,0,5,,0,0,0,0
Precon,20 Ways to Win,0,100,1,37,49,3.35,0.06,2.6,16,,3,2,2,1,12,0,0,8,4,15,0.08,1,5,,0,0,0,0
Precon,Angels: They're Just Like Us but Cooler and with Wings,0,100,2,39,92,3.57,0.07,3.1,,,0,0,0,0,13,0,0,10,5,9,0.1,0,5,,0,0,0,0
Precon,Everyone's Invited!,0,100,1,37,68,3.3,0.05,2.8,,,6,0,0,3,6,0,1,11,3,13,0.12,0,5,,0,0,0,0
Precon,From Cute to Brute,0,100,1,46,74,3.59,0.06,2.8,,,0,0,0,2,18,2,0,20,4,14,0.22,0,5,,0,0,0,0
Precon,Goblin Storm,0,100,2,36,86,2.64,0.15,3.1,,,1,0,0,0,15,4,0,13,2,13,0.17,0,5,,0,0,0,0
Precon,Raining Cats and Dogs,0,100,1,38,79,3.47,0.04,2.9,,,0,0,0,0,12,0,0,11,2,10,0.11,0,5,,0,0,0,0
Precon,Lorehold Spirit,0,100,1,37,76,3.22,0.05,2.8,,,0,0,0,0,12,1,0,11,3,18,0.12,0,5,,0,0,0,0
Precon,Prismari Artistry,0,100,1,38,79,4.08,0.01,2.9,,,0,0,0,0,14,9,1,13,3,15,0.23,0,5,,0,0,0,0
Precon,Quandrix Unlimited,0,100,2,37,78,2.4,0.15,3,,,0,0,0,0,16,0,3,12,3,16,0.15,0,5,,0,0,0,0
Precon,Silverquill Influence,0,100,1,37,78,2.97,0.06,2.9,,,0,0,0,0,16,1,0,12,3,4,0.13,0,5,,0,0,0,0
Precon,Witherbloom Pestilence,0,100,1,37,78,3.05,0.06,2.9,,,0,0,0,0,12,0,0,16,3,13,0.16,0,5,,0,0,0,0
Precon,Abzan Armor,0,100,1,38,79,3.35,0.05,2.9,,,0,0,0,0,8,0,0,10,3,13,0.1,1,5,,0,0,0,0
Precon,Jeskai Striker,0,100,1,37,84,3.14,0.1,2.9,,,2,0,0,0,24,7,3,14,3,14,0.24,0,5,,0,0,0,0
Precon,Mardu Surge,0,100,1,37,81,3.21,0.06,2.9,,,0,0,0,0,12,2,0,10,1,10,0.12,0,5,,0,0,0,0
Precon,Sultai Arisen,0,100,1,37,76,3.73,0.05,2.8,,,0,0,0,0,10,2,0,9,2,16,0.11,0,5,,0,0,0,0
Precon,Temur Roar,0,100,1,37,84,4.1,0.03,2.9,,,0,0,0,0,11,2,0,18,4,18,0.2,0,5,,0,0,0,0
Precon,Turtle Power!,0,100,1,39,79,3.46,0.02,2.9,,,0,0,0,1,13,0,0,17,6,10,0.17,0,5,,0,0,0,0
Precon,Blast from the Past,0,100,1,36,61,3.39,0.05,2.7,,,1,0,0,0,17,1,2,13,3,14,0.16,0,5,,0,0,0,0
Precon,Masters of Evil,0,100,1,37,65,3.68,0.04,2.7,,,0,0,0,0,17,2,0,17,3,10,0.19,0,5,,0,0,0,0
Precon,Paradox Power,0,100,1,36,72,3.44,0.04,2.8,,,0,0,0,1,20,7,0,8,1,17,0.15,0,5,,0,0,0,0
Precon,Timey-Wimey,0,100,1,37,70,3.6,0.02,2.8,,,0,0,0,1,14,4,0,15,6,9,0.19,1,5,,0,0,0,0
Precon,Fae Dominion,0,100,1,39,79,3.41,0.05,2.9,,,0,0,0,0,14,1,6,12,4,9,0.19,0,5,,0,0,0,0
Precon,Virtue and Valor,0,100,1,39,90,3.31,0.05,3,,,0,0,0,0,11,1,0,7,3,9,0.08,0,5,,0,0,0,0
